XL2 RTA Spectrum Logging:		CL BA\2026-03-03_SLM_000_RTA_3rd_Log.txt                                       
-------------------------


# Hardware Configuration
	Device Info:    	XL2, SNo. A2A-17501-E0, FW4.33
	Mic Type:       	NTi Audio M4261, SNo. 3302, User calibrated 2026-01-20  18:08
	Mic Sensitivity:	16.9 mV/Pa
	Time Zone:      	UTC+01:00 (Europe/Berlin)

# Measurement Setup
	Profile:        	Full mode
	Timer mode:     	continuous
	Timer set:      	--:--:--
	Log-Interval:   	00:00:01
	Resolution:     	1/3 Octave
	Range:          	50 - 150 dB

# Time
	Start:          	2026-03-03, 11:32:46
	End:            	2026-03-03, 11:38:41

# RTA LOG Results 
	            	          	          	         	LZeq_dt  	LZeq_dt  	LZeq_dt  	LZeq_dt  	LZeq_dt  	LZeq_dt  	LZeq_dt  	LZeq_dt  	LZeq_dt  	LZeq_dt  	LZeq_dt  	LZeq_dt  	LZeq_dt  	LZeq_dt  	LZeq_dt  	LZeq_dt  	LZeq_dt  	LZeq_dt  	LZeq_dt  	LZeq_dt  	LZeq_dt  	LZeq_dt  	LZeq_dt  	LZeq_dt  	LZeq_dt  	LZeq_dt  	LZeq_dt  	LZeq_dt  	LZeq_dt  	LZeq_dt  	LZeq_dt  	LZeq_dt  	LZeq_dt  	LZeq_dt  	LZeq_dt  	LZeq_dt  
	Date        	Time      	Timer     	Band [Hz]	6.3      	8.0      	10.0     	12.5     	16.0     	20.0     	25.0     	31.5     	40.0     	50.0     	63.0     	80.0     	100.0    	125.0    	160.0    	200.0    	250.0    	315.0    	400.0    	500.0    	630.0    	800.0    	1000.0   	1250.0   	1600.0   	2000.0   	2500.0   	3150.0   	4000.0   	5000.0   	6300.0   	8000.0   	10000.0  	12500.0  	16000.0  	20000.0  
	[YYYY-MM-DD]	[hh:mm:ss]	[hh:mm:ss]	         	[dB]     	[dB]     	[dB]     	[dB]     	[dB]     	[dB]     	[dB]     	[dB]     	[dB]     	[dB]     	[dB]     	[dB]     	[dB]     	[dB]     	[dB]     	[dB]     	[dB]     	[dB]     	[dB]     	[dB]     	[dB]     	[dB]     	[dB]     	[dB]     	[dB]     	[dB]     	[dB]     	[dB]     	[dB]     	[dB]     	[dB]     	[dB]     	[dB]     	[dB]     	[dB]     	[dB]     
	2026-03-03  	11:32:47  	00:00:01  	         	43.5     	47.5     	51.1     	54.7     	61.0     	57.0     	67.8     	58.5     	64.3     	60.7     	67.1     	56.3     	51.8     	50.8     	49.4     	52.4     	56.0     	47.8     	46.6     	46.7     	49.1     	51.2     	42.8     	42.3     	42.6     	42.5     	38.3     	38.8     	38.8     	39.5     	40.4     	41.5     	42.7     	43.4     	44.7     	46.0     
	2026-03-03  	11:32:48  	00:00:02  	         	49.4     	48.3     	55.6     	56.8     	66.0     	68.3     	69.7     	59.9     	63.1     	61.5     	67.1     	57.0     	53.2     	50.0     	51.3     	53.2     	55.5     	49.5     	47.8     	47.4     	49.0     	52.1     	42.9     	43.0     	42.8     	42.4     	38.6     	38.7     	39.0     	39.8     	40.6     	41.4     	42.5     	43.4     	44.8     	46.0     
	2026-03-03  	11:32:49  	00:00:03  	         	46.2     	47.1     	54.1     	55.2     	64.6     	60.9     	64.1     	57.7     	63.3     	64.6     	66.1     	55.0     	53.2     	48.1     	48.3     	52.3     	55.9     	48.3     	48.5     	47.0     	48.6     	51.7     	43.7     	43.4     	43.2     	43.9     	38.7     	39.1     	39.5     	39.8     	40.5     	41.6     	42.3     	43.4     	44.7     	46.0     
	2026-03-03  	11:32:50  	00:00:04  	         	41.6     	46.0     	51.4     	54.8     	58.5     	61.2     	65.2     	57.5     	61.9     	60.0     	65.8     	53.9     	52.5     	49.0     	49.9     	53.1     	56.0     	48.2     	48.5     	47.3     	47.7     	49.6     	43.3     	43.0     	42.4     	43.3     	39.3     	39.5     	39.7     	40.2     	40.6     	41.5     	42.4     	43.5     	44.8     	46.0     
	2026-03-03  	11:32:51  	00:00:05  	         	44.0     	49.2     	55.5     	52.6     	57.5     	61.2     	67.1     	58.5     	60.9     	59.5     	66.2     	56.9     	51.0     	49.9     	48.4     	53.0     	55.9     	47.9     	49.0     	46.8     	46.6     	48.7     	42.5     	43.1     	43.3     	44.5     	39.4     	39.4     	39.5     	40.1     	40.6     	41.3     	42.2     	43.3     	44.7     	45.9     
	2026-03-03  	11:32:52  	00:00:06  	         	48.2     	48.6     	50.4     	51.8     	55.6     	60.5     	63.1     	57.4     	63.3     	60.2     	67.0     	57.9     	52.4     	48.9     	48.1     	52.6     	55.4     	48.3     	48.5     	46.2     	46.8     	48.8     	41.9     	42.7     	43.2     	44.7     	39.2     	39.0     	39.3     	39.6     	40.3     	41.3     	42.4     	43.4     	44.8     	45.9     
	2026-03-03  	11:32:53  	00:00:07  	         	44.1     	41.6     	55.5     	52.9     	59.2     	56.4     	65.9     	59.7     	63.3     	60.5     	66.6     	57.6     	52.3     	48.9     	48.5     	51.8     	56.2     	47.8     	47.4     	46.3     	47.9     	48.9     	41.3     	42.2     	42.8     	44.0     	39.0     	39.1     	39.3     	39.8     	40.3     	41.4     	42.4     	43.5     	44.7     	46.0     
	2026-03-03  	11:32:54  	00:00:08  	         	41.0     	47.0     	52.5     	55.2     	61.1     	60.5     	65.7     	57.2     	65.2     	60.6     	67.3     	57.6     	53.2     	48.4     	50.1     	51.4     	55.5     	49.2     	47.8     	46.2     	46.3     	48.1     	41.6     	42.2     	42.8     	43.8     	38.7     	38.8     	38.9     	40.0     	40.5     	41.3     	42.4     	43.5     	44.8     	46.0     
	2026-03-03  	11:32:55  	00:00:09  	         	45.1     	52.0     	50.7     	56.3     	57.3     	56.5     	67.1     	59.7     	64.0     	59.1     	66.8     	55.9     	51.6     	48.8     	47.5     	52.5     	55.6     	48.1     	45.2     	45.8     	46.0     	48.6     	41.2     	41.8     	42.8     	43.9     	38.6     	38.7     	39.0     	39.8     	40.4     	41.5     	42.4     	43.5     	44.8     	46.0     
	2026-03-03  	11:32:56  	00:00:10  	         	46.8     	48.8     	51.1     	50.2     	61.3     	60.6     	65.9     	56.4     	63.3     	59.9     	65.9     	55.5     	52.8     	49.3     	47.4     	51.6     	54.1     	47.5     	46.0     	45.0     	45.9     	48.0     	41.2     	42.1     	42.5     	43.7     	38.7     	39.0     	39.2     	39.5     	40.4     	41.5     	42.5     	43.3     	44.7     	46.0     
	2026-03-03  	11:32:57  	00:00:11  	         	45.4     	50.2     	56.5     	55.3     	61.1     	58.7     	67.0     	60.2     	63.0     	60.8     	65.3     	56.0     	52.0     	47.6     	48.6     	52.3     	52.7     	48.1     	45.2     	45.4     	45.8     	48.2     	40.6     	41.8     	42.3     	43.7     	38.9     	39.0     	39.2     	39.5     	40.5     	41.5     	42.4     	43.5     	44.7     	46.0     
	2026-03-03  	11:32:58  	00:00:12  	         	61.9     	58.9     	67.7     	69.5     	73.3     	76.9     	76.5     	73.2     	71.8     	73.5     	73.1     	77.6     	75.0     	69.4     	65.1     	65.1     	63.5     	63.0     	65.4     	64.6     	62.2     	59.1     	53.9     	52.0     	49.9     	50.4     	45.6     	52.0     	52.1     	53.4     	51.6     	47.0     	44.6     	44.1     	45.0     	46.1     
	2026-03-03  	11:32:59  	00:00:13  	         	65.5     	60.9     	66.2     	66.7     	78.7     	74.0     	73.7     	74.5     	74.2     	70.0     	69.3     	66.0     	65.1     	61.9     	58.1     	62.6     	59.6     	56.4     	60.6     	59.3     	56.6     	53.3     	50.2     	46.7     	47.9     	47.1     	44.5     	47.1     	46.4     	47.2     	46.6     	44.2     	44.6     	44.0     	45.3     	46.0     
	2026-03-03  	11:33:00  	00:00:14  	         	73.4     	72.4     	74.6     	91.1     	85.8     	88.5     	87.1     	85.8     	79.7     	82.2     	72.0     	71.5     	70.5     	65.0     	55.8     	60.5     	58.2     	57.7     	57.2     	58.6     	56.4     	55.4     	54.7     	51.5     	51.5     	48.4     	43.5     	43.0     	42.3     	41.4     	41.2     	41.9     	42.9     	43.6     	44.7     	46.0     
	2026-03-03  	11:33:01  	00:00:15  	         	81.8     	79.7     	77.0     	90.3     	84.6     	78.0     	73.0     	67.6     	63.4     	61.8     	60.2     	51.9     	49.1     	47.2     	48.1     	52.7     	53.3     	47.8     	45.5     	45.7     	44.5     	47.1     	52.4     	43.9     	43.6     	45.9     	39.5     	41.0     	39.4     	40.0     	40.7     	41.5     	42.3     	43.5     	44.6     	46.1     
	2026-03-03  	11:33:02  	00:00:16  	         	65.0     	62.9     	59.6     	66.2     	60.9     	58.7     	65.9     	57.7     	61.0     	60.5     	60.8     	52.1     	51.6     	47.1     	47.8     	51.7     	54.2     	46.7     	45.7     	44.4     	43.4     	44.6     	39.6     	44.8     	43.3     	44.5     	38.5     	38.5     	38.7     	39.7     	40.4     	41.4     	42.4     	43.4     	44.8     	46.0     
	2026-03-03  	11:33:03  	00:00:17  	         	52.4     	44.0     	49.1     	55.5     	54.8     	56.1     	67.6     	56.3     	58.5     	59.4     	62.0     	53.6     	51.1     	47.3     	47.3     	52.5     	55.1     	47.4     	45.2     	44.9     	43.5     	46.3     	40.4     	44.0     	43.5     	46.2     	38.8     	38.6     	39.0     	39.9     	40.6     	41.5     	42.2     	43.4     	44.7     	46.0     
	2026-03-03  	11:33:04  	00:00:18  	         	46.0     	46.5     	49.5     	59.2     	56.4     	59.2     	67.9     	57.3     	58.6     	60.5     	62.1     	53.5     	52.8     	48.2     	47.3     	51.1     	52.8     	46.9     	47.8     	48.3     	43.9     	47.2     	41.3     	43.0     	43.1     	46.5     	38.6     	38.8     	38.6     	39.7     	40.3     	41.4     	42.3     	43.5     	44.7     	46.1     
	2026-03-03  	11:33:05  	00:00:19  	         	43.8     	45.6     	49.1     	59.5     	58.3     	58.0     	66.5     	55.4     	61.0     	60.3     	61.6     	52.5     	51.9     	48.5     	47.2     	51.5     	54.6     	47.1     	45.8     	45.1     	44.2     	47.1     	40.6     	42.4     	43.2     	46.8     	38.3     	38.4     	38.9     	39.7     	40.5     	41.5     	42.3     	43.5     	44.8     	46.0     
	2026-03-03  	11:33:06  	00:00:20  	         	48.8     	51.1     	48.5     	56.7     	59.8     	58.5     	65.5     	58.5     	61.7     	60.1     	63.0     	52.3     	52.8     	47.9     	48.4     	51.8     	54.5     	47.1     	45.7     	44.9     	44.6     	47.3     	40.7     	42.3     	43.1     	46.8     	39.0     	38.4     	38.8     	39.5     	40.3     	41.5     	42.4     	43.5     	44.7     	46.0     
	2026-03-03  	11:33:07  	00:00:21  	         	51.1     	47.0     	50.3     	56.1     	59.2     	57.2     	66.3     	59.0     	63.0     	62.1     	62.4     	53.5     	51.8     	47.6     	48.3     	52.2     	55.5     	47.8     	44.6     	45.6     	44.0     	46.7     	40.7     	42.2     	43.5     	46.5     	38.9     	38.5     	38.9     	39.7     	40.6     	41.3     	42.4     	43.3     	44.8     	46.1     
	2026-03-03  	11:33:08  	00:00:22  	         	49.0     	46.8     	47.5     	58.3     	59.3     	57.3     	68.0     	57.0     	61.9     	62.5     	62.5     	52.3     	51.3     	48.7     	46.7     	51.9     	55.1     	47.2     	45.6     	45.1     	43.2     	47.0     	40.9     	42.4     	43.8     	47.1     	38.8     	38.3     	38.8     	39.6     	40.4     	41.4     	42.5     	43.4     	44.7     	46.1     
	2026-03-03  	11:33:09  	00:00:23  	         	50.6     	48.0     	47.8     	54.4     	59.4     	60.1     	66.6     	59.1     	60.4     	64.9     	61.1     	52.6     	53.9     	48.2     	48.5     	52.7     	55.6     	47.1     	46.4     	46.2     	45.1     	47.6     	41.1     	42.5     	43.4     	46.8     	38.5     	38.3     	38.6     	39.4     	40.5     	41.4     	42.4     	43.4     	44.8     	46.0     
	2026-03-03  	11:33:10  	00:00:24  	         	48.2     	50.1     	50.5     	53.5     	59.5     	61.4     	65.3     	61.5     	59.9     	66.2     	61.3     	54.6     	52.0     	48.3     	48.4     	51.5     	53.5     	47.6     	45.8     	45.5     	44.7     	47.2     	40.8     	42.2     	43.2     	46.7     	38.8     	38.4     	39.1     	39.8     	40.7     	41.5     	42.3     	43.4     	44.8     	45.9     
	2026-03-03  	11:33:11  	00:00:25  	         	57.6     	50.9     	51.0     	55.6     	61.0     	62.0     	67.8     	62.8     	64.6     	68.4     	62.3     	55.8     	53.3     	47.5     	47.1     	51.4     	56.6     	47.7     	45.7     	45.0     	43.9     	47.2     	40.8     	41.6     	43.2     	46.6     	38.6     	38.6     	38.8     	39.6     	40.4     	41.3     	42.5     	43.4     	44.8     	46.0     
	2026-03-03  	11:33:12  	00:00:26  	         	51.2     	50.0     	48.6     	61.7     	61.0     	59.5     	67.6     	63.9     	64.8     	65.1     	61.5     	55.8     	53.8     	49.4     	47.3     	52.2     	55.0     	47.0     	45.9     	44.2     	44.0     	47.4     	40.9     	42.2     	43.7     	47.3     	38.6     	38.4     	38.9     	39.6     	40.5     	41.6     	42.4     	43.3     	44.7     	45.9     
	2026-03-03  	11:33:13  	00:00:27  	         	51.1     	51.7     	60.2     	67.4     	70.1     	73.5     	65.1     	60.2     	71.4     	65.2     	64.8     	60.9     	63.6     	57.2     	56.0     	57.4     	55.8     	48.1     	50.0     	50.1     	45.4     	48.0     	42.7     	42.5     	43.8     	47.4     	40.2     	39.1     	39.6     	40.2     	41.1     	41.7     	42.5     	43.4     	44.8     	46.1     
	2026-03-03  	11:33:14  	00:00:28  	         	63.8     	64.8     	72.3     	77.6     	81.3     	77.4     	67.8     	61.8     	73.2     	65.4     	61.9     	54.6     	54.7     	48.1     	48.9     	52.1     	54.8     	46.9     	45.4     	45.7     	43.6     	46.9     	40.8     	41.8     	44.1     	48.3     	38.7     	38.2     	39.0     	39.6     	40.5     	41.3     	42.3     	43.5     	44.7     	46.0     
	2026-03-03  	11:33:15  	00:00:29  	         	62.0     	58.0     	69.5     	74.8     	77.3     	74.2     	71.4     	66.3     	71.5     	74.7     	65.7     	59.7     	54.8     	50.9     	50.0     	52.8     	54.6     	48.9     	45.5     	45.5     	44.5     	47.5     	41.9     	42.0     	44.1     	47.9     	39.3     	39.0     	39.3     	40.1     	40.6     	41.4     	42.5     	43.7     	44.8     	46.0     
	2026-03-03  	11:33:16  	00:00:30  	         	60.1     	63.7     	70.3     	84.8     	86.9     	84.6     	75.7     	70.9     	75.9     	77.1     	68.9     	64.3     	59.6     	57.3     	53.7     	54.2     	54.6     	48.2     	49.8     	48.6     	45.3     	48.6     	42.6     	43.1     	44.4     	47.7     	40.2     	39.7     	40.1     	40.2     	40.7     	41.7     	42.2     	44.0     	44.7     	46.0     
	2026-03-03  	11:33:17  	00:00:31  	         	55.6     	61.4     	80.2     	82.5     	81.9     	85.2     	74.7     	73.8     	71.2     	76.9     	68.8     	65.7     	57.5     	56.4     	59.4     	58.0     	55.1     	48.2     	46.4     	46.3     	47.9     	49.2     	43.4     	43.8     	44.5     	47.8     	41.5     	40.9     	41.0     	41.2     	41.3     	41.9     	42.5     	43.9     	44.8     	46.0     
	2026-03-03  	11:33:18  	00:00:32  	         	67.9     	73.6     	85.9     	91.0     	89.9     	85.4     	76.1     	74.4     	71.1     	75.0     	67.6     	64.5     	57.7     	52.6     	55.5     	59.0     	57.3     	49.0     	47.3     	47.2     	47.0     	52.6     	45.6     	44.1     	45.0     	48.1     	41.4     	40.9     	40.8     	40.9     	41.2     	41.5     	42.4     	43.8     	44.7     	46.0     
	2026-03-03  	11:33:19  	00:00:33  	         	68.8     	70.5     	76.1     	87.2     	87.7     	80.5     	78.9     	70.3     	67.0     	72.2     	65.1     	57.5     	56.7     	51.0     	52.1     	55.3     	56.6     	49.6     	48.7     	48.3     	47.9     	51.4     	48.0     	44.7     	45.6     	48.9     	40.9     	39.9     	40.1     	40.5     	41.0     	41.5     	42.4     	43.7     	44.8     	45.8     
	2026-03-03  	11:33:20  	00:00:34  	         	67.9     	71.5     	79.1     	88.4     	89.3     	83.9     	80.4     	73.9     	70.6     	71.6     	65.1     	60.7     	58.5     	51.3     	51.1     	55.9     	57.4     	52.8     	49.2     	47.7     	52.2     	51.8     	47.9     	49.1     	47.2     	49.4     	40.5     	39.6     	39.9     	40.0     	41.0     	41.6     	42.4     	44.3     	44.8     	46.0     
	2026-03-03  	11:33:21  	00:00:35  	         	75.4     	74.2     	83.3     	96.1     	92.3     	87.6     	80.7     	76.6     	73.6     	72.9     	66.6     	61.1     	56.0     	50.5     	50.7     	55.5     	55.5     	52.1     	49.4     	48.0     	51.0     	52.7     	47.3     	50.0     	46.2     	47.5     	40.2     	39.9     	40.1     	40.2     	41.1     	41.4     	42.5     	43.6     	44.8     	46.0     
	2026-03-03  	11:33:22  	00:00:36  	         	84.8     	86.1     	88.6     	98.3     	94.0     	87.6     	83.9     	74.9     	75.1     	75.4     	66.4     	63.9     	60.8     	53.2     	54.2     	56.4     	55.7     	52.0     	50.4     	48.3     	50.6     	53.1     	47.3     	51.9     	47.5     	45.8     	41.2     	39.8     	40.0     	40.5     	41.2     	41.6     	42.3     	43.4     	44.7     	46.0     
	2026-03-03  	11:33:23  	00:00:37  	         	82.6     	85.7     	85.8     	97.1     	91.6     	84.6     	80.6     	75.2     	74.9     	74.7     	64.0     	60.8     	55.9     	50.3     	52.6     	54.1     	54.5     	53.0     	51.0     	48.2     	49.7     	53.6     	47.0     	49.1     	48.5     	47.0     	40.4     	39.5     	39.7     	40.1     	40.9     	41.5     	42.4     	43.4     	44.6     	45.9     
	2026-03-03  	11:33:24  	00:00:38  	         	79.1     	80.4     	82.6     	89.9     	91.9     	86.6     	80.6     	75.2     	74.6     	71.8     	66.8     	63.0     	56.0     	50.8     	54.5     	55.8     	56.5     	54.0     	53.2     	49.8     	50.7     	53.7     	48.9     	47.2     	47.7     	48.0     	40.4     	38.9     	39.6     	39.9     	41.0     	41.5     	42.3     	43.6     	44.9     	46.0     
	2026-03-03  	11:33:25  	00:00:39  	         	85.2     	80.1     	84.9     	96.1     	94.9     	84.5     	81.3     	77.9     	77.4     	74.2     	66.0     	63.5     	58.4     	51.4     	57.3     	63.8     	60.9     	61.8     	68.2     	62.6     	62.1     	63.4     	64.8     	60.3     	57.7     	52.2     	53.0     	47.8     	40.6     	40.4     	40.8     	41.9     	42.5     	43.4     	44.8     	46.0     
	2026-03-03  	11:33:26  	00:00:40  	         	80.1     	84.2     	87.2     	96.8     	101.0    	91.9     	87.1     	81.7     	77.4     	75.0     	68.5     	67.8     	59.5     	52.9     	56.6     	60.6     	60.9     	58.9     	67.0     	67.9     	65.1     	59.6     	58.4     	59.2     	57.6     	56.0     	59.1     	52.6     	43.1     	42.0     	41.3     	41.6     	42.5     	43.6     	44.7     	46.0     
	2026-03-03  	11:33:27  	00:00:41  	         	83.8     	78.7     	85.7     	97.9     	98.0     	90.4     	84.3     	79.3     	76.9     	74.0     	66.4     	64.4     	57.4     	52.7     	55.1     	57.0     	60.3     	55.8     	63.0     	71.1     	65.8     	64.1     	67.8     	68.2     	62.1     	60.8     	56.8     	50.8     	44.8     	43.0     	42.7     	42.3     	42.5     	43.4     	44.8     	46.0     
	2026-03-03  	11:33:28  	00:00:42  	         	76.6     	80.8     	90.5     	97.1     	104.5    	91.3     	87.1     	82.2     	79.4     	74.8     	69.0     	65.2     	60.2     	53.3     	54.0     	58.1     	64.0     	57.6     	65.8     	66.8     	61.5     	61.1     	61.2     	63.9     	56.4     	58.6     	55.1     	50.8     	45.1     	42.7     	42.2     	42.0     	42.7     	43.6     	44.8     	46.0     
	2026-03-03  	11:33:29  	00:00:43  	         	78.7     	81.2     	88.5     	92.8     	99.0     	90.4     	83.3     	77.8     	76.1     	76.5     	67.4     	64.6     	59.6     	53.4     	52.8     	56.6     	61.9     	55.3     	61.3     	67.3     	63.6     	64.6     	70.4     	69.9     	62.9     	57.5     	53.5     	49.0     	41.9     	40.3     	41.2     	41.6     	42.5     	43.6     	44.8     	46.1     
	2026-03-03  	11:33:30  	00:00:44  	         	81.2     	83.1     	91.0     	97.0     	100.4    	91.6     	85.7     	82.3     	75.0     	75.4     	67.1     	66.7     	62.4     	54.4     	53.9     	56.9     	55.3     	51.0     	51.1     	53.2     	52.4     	55.1     	50.7     	48.5     	47.1     	47.9     	42.1     	39.5     	39.7     	40.2     	41.0     	41.8     	42.5     	43.4     	44.7     	45.9     
	2026-03-03  	11:33:31  	00:00:45  	         	88.4     	85.2     	91.7     	97.8     	104.6    	96.1     	91.5     	82.9     	78.9     	76.1     	69.6     	68.1     	64.1     	54.8     	55.9     	58.5     	55.4     	51.7     	51.2     	52.6     	52.2     	54.5     	50.7     	48.1     	46.1     	47.0     	42.0     	39.7     	39.6     	40.1     	40.9     	41.7     	42.6     	43.6     	44.8     	46.0     
	2026-03-03  	11:33:32  	00:00:46  	         	80.9     	81.5     	89.4     	97.8     	106.7    	89.9     	91.9     	82.3     	79.8     	74.3     	65.2     	66.0     	61.4     	55.4     	55.4     	59.0     	56.8     	52.0     	51.0     	52.2     	53.1     	55.3     	51.0     	48.5     	46.3     	46.7     	41.4     	39.1     	39.1     	39.9     	40.7     	41.4     	42.5     	43.5     	44.7     	46.0     
	2026-03-03  	11:33:33  	00:00:47  	         	82.6     	86.0     	81.0     	97.3     	100.8    	91.1     	86.2     	78.9     	76.4     	75.8     	67.1     	64.5     	60.5     	52.7     	54.5     	56.8     	54.0     	50.1     	50.2     	51.5     	52.3     	54.9     	51.0     	47.9     	45.7     	46.4     	40.9     	39.1     	39.1     	39.7     	40.6     	41.5     	42.4     	43.4     	44.6     	46.1     
	2026-03-03  	11:33:34  	00:00:48  	         	83.0     	81.3     	88.3     	99.8     	98.5     	93.8     	85.5     	80.9     	77.4     	75.1     	66.8     	67.4     	61.8     	53.3     	55.4     	58.3     	55.4     	51.3     	51.0     	51.5     	53.2     	55.5     	50.6     	48.1     	46.0     	46.5     	41.4     	39.3     	39.6     	39.9     	40.7     	41.5     	42.5     	43.5     	44.8     	45.9     
	2026-03-03  	11:33:35  	00:00:49  	         	87.6     	83.0     	94.6     	98.5     	98.3     	92.7     	89.5     	81.9     	79.1     	77.0     	70.2     	66.4     	60.3     	54.2     	53.1     	59.0     	56.9     	51.7     	52.5     	52.5     	54.4     	55.6     	50.6     	48.1     	45.6     	45.5     	41.1     	39.3     	39.2     	39.8     	40.5     	41.5     	42.4     	43.4     	44.7     	46.0     
	2026-03-03  	11:33:36  	00:00:50  	         	79.6     	82.4     	96.6     	103.5    	101.8    	95.9     	90.0     	81.5     	77.4     	76.9     	67.6     	67.5     	60.1     	55.8     	55.6     	59.3     	55.3     	51.5     	51.5     	52.6     	53.4     	54.9     	50.6     	48.2     	46.2     	45.6     	42.7     	40.8     	40.3     	41.3     	41.6     	42.2     	42.7     	43.5     	44.8     	46.0     
	2026-03-03  	11:33:37  	00:00:51  	         	79.7     	86.9     	93.9     	97.8     	101.2    	91.8     	87.9     	80.4     	77.9     	76.3     	68.4     	66.3     	60.6     	53.1     	54.7     	57.7     	54.9     	50.8     	50.8     	52.7     	52.1     	53.7     	50.6     	48.0     	45.5     	45.0     	41.4     	39.5     	39.3     	39.9     	40.6     	41.6     	42.6     	43.5     	44.7     	45.9     
	2026-03-03  	11:33:38  	00:00:52  	         	82.5     	85.9     	93.3     	100.6    	101.4    	95.2     	90.2     	80.8     	77.8     	73.7     	69.9     	67.1     	59.7     	53.5     	55.2     	57.5     	54.7     	50.7     	50.9     	51.8     	52.6     	54.5     	51.1     	47.6     	45.7     	44.8     	41.5     	39.3     	39.3     	39.9     	40.6     	41.5     	42.4     	43.5     	44.8     	46.0     
	2026-03-03  	11:33:39  	00:00:53  	         	83.0     	86.2     	97.6     	98.2     	102.9    	94.2     	87.6     	84.5     	80.0     	74.2     	67.8     	66.4     	62.0     	56.3     	54.7     	58.2     	55.1     	50.9     	51.2     	52.4     	52.4     	54.4     	50.8     	47.8     	45.4     	44.8     	41.5     	39.6     	39.7     	40.2     	40.9     	41.6     	42.6     	43.4     	44.8     	46.0     
	2026-03-03  	11:33:40  	00:00:54  	         	84.5     	82.7     	85.7     	102.9    	103.0    	89.7     	85.8     	80.7     	78.3     	75.0     	67.1     	65.0     	62.4     	55.0     	54.2     	59.8     	55.8     	51.5     	51.3     	51.9     	52.2     	54.7     	50.4     	48.1     	45.8     	44.5     	40.7     	39.0     	39.3     	39.7     	40.6     	41.4     	42.6     	43.4     	44.8     	46.0     
	2026-03-03  	11:33:41  	00:00:55  	         	88.2     	82.6     	90.1     	98.0     	102.0    	91.4     	84.3     	79.5     	80.3     	76.5     	69.5     	66.7     	60.0     	55.1     	54.9     	57.3     	55.1     	50.1     	50.3     	50.7     	52.8     	53.4     	49.7     	47.5     	45.8     	45.5     	41.3     	39.2     	39.0     	39.9     	40.5     	41.6     	42.4     	43.5     	44.7     	46.0     
	2026-03-03  	11:33:42  	00:00:56  	         	86.1     	84.6     	89.6     	97.0     	99.5     	93.8     	87.9     	81.1     	78.3     	75.0     	66.9     	64.9     	61.3     	52.0     	54.6     	58.3     	56.4     	50.7     	51.5     	52.3     	53.4     	53.9     	50.3     	48.9     	47.8     	46.4     	42.9     	41.3     	40.5     	40.4     	40.9     	41.7     	42.5     	43.4     	44.7     	46.0     
	2026-03-03  	11:33:43  	00:00:57  	         	87.9     	81.5     	89.9     	101.2    	99.5     	95.5     	90.5     	81.9     	80.7     	78.8     	69.2     	65.2     	61.9     	55.8     	56.2     	56.2     	55.5     	52.2     	51.0     	51.3     	52.2     	54.0     	49.6     	48.2     	47.2     	46.3     	42.8     	40.6     	40.3     	40.8     	41.2     	41.8     	42.8     	43.5     	44.8     	46.0     
	2026-03-03  	11:33:44  	00:00:58  	         	83.5     	79.1     	87.8     	96.8     	100.2    	89.4     	77.9     	72.8     	78.1     	69.0     	65.1     	61.3     	56.2     	51.3     	53.3     	57.1     	55.7     	50.4     	50.4     	49.8     	51.0     	53.6     	49.3     	47.5     	47.2     	46.7     	41.1     	39.0     	39.4     	39.8     	40.6     	41.5     	42.4     	43.5     	44.8     	46.0     
	2026-03-03  	11:33:45  	00:00:59  	         	80.0     	81.2     	91.2     	98.5     	102.5    	100.3    	97.2     	92.9     	90.3     	86.2     	89.4     	82.0     	72.1     	63.6     	61.8     	65.9     	63.2     	56.0     	56.9     	54.7     	54.5     	55.5     	50.6     	49.7     	49.3     	49.9     	45.2     	42.9     	42.7     	42.3     	41.7     	42.3     	42.9     	43.6     	44.8     	46.0     
	2026-03-03  	11:33:46  	00:01:00  	         	86.3     	88.1     	100.4    	107.0    	105.4    	104.7    	99.6     	97.1     	93.2     	92.6     	90.8     	85.0     	80.2     	74.1     	71.8     	73.4     	68.8     	64.0     	65.2     	63.6     	63.2     	62.3     	58.2     	57.3     	57.1     	55.9     	54.3     	52.4     	50.9     	49.7     	49.3     	47.2     	45.7     	45.0     	45.2     	46.1     
	2026-03-03  	11:33:47  	00:01:01  	         	87.3     	99.8     	108.3    	114.8    	112.8    	109.9    	106.2    	100.9    	95.9     	94.8     	92.7     	87.8     	84.2     	76.7     	75.8     	75.6     	73.6     	68.7     	69.1     	68.3     	68.4     	68.5     	64.6     	63.3     	62.5     	63.9     	62.5     	60.7     	58.6     	56.0     	53.5     	50.2     	48.9     	46.6     	45.6     	46.2     
	2026-03-03  	11:33:48  	00:01:02  	         	92.8     	100.2    	111.5    	113.0    	106.7    	108.2    	101.2    	97.0     	96.0     	91.2     	89.3     	85.0     	81.0     	73.3     	70.9     	73.0     	70.3     	63.3     	64.0     	62.8     	63.5     	62.0     	58.2     	58.0     	56.3     	54.8     	51.8     	50.3     	48.5     	47.3     	45.7     	45.0     	44.4     	44.1     	45.0     	46.1     
	2026-03-03  	11:33:49  	00:01:03  	         	85.9     	98.7     	104.8    	109.6    	104.3    	99.9     	102.5    	98.9     	95.0     	91.6     	92.1     	85.2     	79.6     	73.2     	71.2     	73.9     	69.2     	63.8     	63.0     	62.6     	62.7     	62.4     	58.9     	57.8     	55.4     	54.4     	51.7     	49.5     	48.5     	46.4     	45.4     	44.1     	44.1     	44.3     	45.0     	46.0     
	2026-03-03  	11:33:50  	00:01:04  	         	78.3     	97.5     	108.8    	108.7    	105.8    	105.0    	98.0     	98.2     	94.8     	93.1     	90.5     	83.4     	78.1     	71.5     	69.5     	71.9     	68.8     	61.5     	62.7     	62.0     	62.2     	61.4     	56.6     	55.6     	54.6     	53.4     	50.4     	49.1     	48.0     	46.0     	44.8     	44.3     	44.2     	44.3     	44.9     	46.0     
	2026-03-03  	11:33:51  	00:01:05  	         	79.8     	94.8     	97.6     	110.8    	110.6    	106.0    	100.7    	95.8     	94.2     	96.5     	90.3     	85.2     	77.9     	70.6     	68.5     	72.5     	69.0     	61.1     	62.3     	60.6     	61.3     	60.2     	55.0     	55.2     	54.1     	52.3     	49.3     	47.7     	46.4     	45.5     	44.6     	44.0     	43.7     	44.1     	44.8     	46.1     
	2026-03-03  	11:33:52  	00:01:06  	         	90.3     	91.4     	100.1    	108.6    	105.3    	104.0    	101.1    	96.8     	91.6     	95.1     	88.3     	83.8     	77.1     	71.2     	67.0     	70.3     	67.3     	60.8     	59.7     	60.0     	60.0     	59.0     	54.3     	54.2     	52.9     	51.3     	48.7     	46.9     	45.7     	45.8     	44.3     	43.6     	43.4     	43.9     	45.0     	46.0     
	2026-03-03  	11:33:53  	00:01:07  	         	84.2     	91.4     	101.6    	114.9    	109.1    	102.7    	99.8     	95.8     	94.9     	92.9     	87.3     	83.7     	77.5     	71.2     	70.2     	70.5     	67.9     	61.2     	60.1     	59.7     	60.3     	59.6     	55.0     	54.9     	54.7     	54.6     	51.0     	49.3     	48.2     	46.7     	45.7     	44.7     	44.1     	44.2     	45.0     	46.0     
	2026-03-03  	11:33:54  	00:01:08  	         	88.6     	95.3     	98.1     	108.2    	106.0    	107.8    	100.3    	95.2     	93.7     	94.9     	84.9     	83.0     	77.3     	69.9     	68.4     	70.0     	67.7     	61.3     	60.9     	60.5     	60.3     	59.9     	56.2     	55.1     	53.4     	52.3     	49.2     	47.4     	47.9     	46.9     	46.0     	45.2     	44.1     	44.1     	45.0     	46.0     
	2026-03-03  	11:33:55  	00:01:09  	         	94.5     	101.9    	103.9    	110.9    	110.9    	104.3    	97.4     	97.8     	95.5     	98.6     	84.4     	83.9     	80.0     	69.8     	70.0     	70.1     	69.4     	61.8     	63.7     	61.4     	61.6     	61.9     	57.1     	56.5     	54.7     	53.2     	50.5     	49.2     	48.2     	46.5     	45.5     	44.8     	44.5     	44.4     	44.9     	46.0     
	2026-03-03  	11:33:56  	00:01:10  	         	90.8     	95.9     	101.9    	108.9    	107.2    	104.2    	99.4     	96.0     	92.8     	93.8     	82.2     	80.6     	77.7     	71.9     	70.7     	70.8     	67.9     	61.6     	62.0     	60.5     	60.7     	59.4     	57.2     	57.3     	55.1     	53.7     	51.1     	49.5     	48.5     	46.7     	45.8     	44.6     	44.3     	44.2     	45.1     	46.0     
	2026-03-03  	11:33:57  	00:01:11  	         	91.0     	100.7    	106.1    	111.4    	108.7    	102.8    	101.8    	95.6     	94.3     	91.5     	85.3     	83.6     	78.4     	71.6     	69.1     	71.8     	69.2     	61.5     	61.6     	60.2     	61.0     	60.5     	56.1     	55.4     	54.5     	54.5     	50.0     	49.4     	48.5     	46.5     	45.7     	44.8     	44.4     	44.1     	45.0     	46.0     
	2026-03-03  	11:33:58  	00:01:12  	         	92.6     	98.0     	99.4     	109.8    	108.7    	102.4    	102.4    	98.2     	96.8     	94.3     	85.4     	83.7     	78.6     	71.0     	70.6     	71.4     	69.9     	63.7     	63.6     	62.2     	61.9     	61.0     	58.3     	57.0     	56.0     	54.8     	51.7     	50.4     	49.0     	48.5     	46.7     	45.6     	44.8     	44.6     	45.0     	46.1     
	2026-03-03  	11:33:59  	00:01:13  	         	93.9     	98.4     	99.1     	108.5    	110.6    	105.4    	100.2    	97.7     	93.5     	96.8     	82.9     	79.9     	77.2     	68.9     	67.4     	68.5     	65.4     	59.0     	59.5     	57.8     	58.3     	58.2     	54.2     	52.9     	52.8     	51.6     	48.2     	47.2     	46.1     	45.3     	44.6     	43.8     	43.7     	44.1     	44.8     	46.0     
	2026-03-03  	11:34:00  	00:01:14  	         	91.1     	96.5     	94.9     	102.3    	101.8    	98.8     	95.5     	91.9     	92.8     	97.4     	81.2     	81.7     	76.0     	69.6     	66.9     	68.9     	66.0     	59.2     	59.8     	59.0     	58.9     	58.9     	54.5     	54.1     	53.3     	50.6     	47.9     	46.4     	45.1     	44.5     	43.6     	42.6     	43.1     	43.7     	44.8     	46.1     
	2026-03-03  	11:34:01  	00:01:15  	         	83.3     	91.2     	98.4     	105.6    	106.0    	104.5    	98.7     	95.5     	92.5     	93.4     	80.3     	79.7     	77.4     	68.2     	67.7     	68.1     	64.1     	58.7     	59.6     	58.7     	58.0     	56.9     	52.6     	52.6     	51.6     	51.7     	46.6     	45.5     	44.6     	43.8     	43.6     	43.2     	43.2     	43.8     	45.0     	46.1     
	2026-03-03  	11:34:02  	00:01:16  	         	86.1     	95.7     	96.5     	105.1    	108.9    	106.2    	100.1    	94.5     	92.6     	93.7     	81.5     	80.6     	75.6     	68.2     	65.5     	68.3     	64.3     	58.7     	58.8     	59.4     	58.0     	58.5     	51.9     	52.2     	51.5     	50.3     	47.0     	46.6     	45.0     	43.6     	43.2     	43.1     	43.2     	43.7     	44.9     	46.0     
	2026-03-03  	11:34:03  	00:01:17  	         	86.8     	87.0     	100.4    	104.5    	108.6    	102.2    	99.0     	91.1     	92.5     	89.1     	82.2     	79.4     	74.4     	68.1     	64.2     	67.8     	64.7     	57.2     	58.2     	56.9     	56.7     	56.3     	50.6     	50.4     	50.1     	49.3     	45.4     	44.0     	42.9     	42.1     	42.3     	42.4     	42.9     	43.6     	44.8     	46.0     
	2026-03-03  	11:34:04  	00:01:18  	         	84.6     	86.9     	100.1    	107.8    	107.5    	102.2    	100.3    	96.4     	96.3     	90.6     	81.6     	79.8     	75.7     	67.2     	65.9     	68.0     	64.2     	57.1     	57.8     	58.2     	57.6     	57.2     	52.8     	53.1     	53.1     	51.0     	47.4     	45.4     	43.9     	43.1     	42.5     	42.5     	42.9     	43.8     	44.8     	46.0     
	2026-03-03  	11:34:05  	00:01:19  	         	84.2     	87.3     	100.1    	106.5    	103.6    	104.3    	96.1     	89.3     	90.7     	90.7     	81.0     	79.2     	72.7     	67.0     	64.3     	65.8     	63.3     	57.0     	57.0     	56.3     	56.2     	55.8     	51.8     	51.7     	50.3     	49.7     	45.9     	44.7     	43.3     	43.0     	42.7     	42.6     	43.1     	43.8     	44.8     	46.0     
	2026-03-03  	11:34:06  	00:01:20  	         	82.5     	98.2     	95.8     	103.9    	99.9     	100.6    	97.5     	88.9     	89.9     	89.0     	81.8     	79.5     	73.6     	67.6     	65.6     	66.1     	62.2     	57.7     	57.3     	56.9     	56.3     	55.9     	52.4     	53.4     	52.0     	51.1     	47.8     	46.7     	45.4     	44.3     	44.2     	43.0     	43.2     	43.9     	44.8     	46.0     
	2026-03-03  	11:34:07  	00:01:21  	         	82.6     	97.6     	98.8     	107.6    	107.6    	100.1    	96.4     	92.7     	91.0     	87.6     	80.1     	78.7     	72.4     	65.5     	63.6     	64.9     	62.7     	56.3     	55.7     	55.5     	55.8     	54.9     	51.6     	52.8     	51.8     	50.6     	46.6     	46.0     	44.1     	43.7     	42.8     	42.6     	43.0     	43.6     	44.8     	46.0     
	2026-03-03  	11:34:08  	00:01:22  	         	83.9     	95.4     	103.6    	106.4    	104.6    	103.3    	96.0     	90.5     	90.2     	86.5     	80.3     	80.6     	74.1     	66.2     	64.3     	66.3     	63.5     	57.1     	56.6     	56.4     	55.7     	54.8     	51.6     	51.4     	52.0     	51.5     	47.4     	47.4     	45.6     	43.8     	43.6     	43.0     	43.3     	43.8     	44.8     	46.0     
	2026-03-03  	11:34:09  	00:01:23  	         	86.2     	89.0     	95.2     	106.4    	107.0    	101.8    	97.6     	88.0     	89.4     	89.1     	81.4     	78.6     	71.9     	64.5     	62.5     	65.0     	61.9     	56.7     	54.5     	54.3     	54.4     	53.7     	50.8     	50.8     	50.7     	50.7     	45.2     	44.9     	44.1     	44.1     	43.4     	43.1     	43.2     	43.8     	44.9     	46.0     
	2026-03-03  	11:34:10  	00:01:24  	         	93.0     	96.1     	97.0     	104.3    	103.4    	102.3    	95.9     	90.2     	89.9     	83.9     	79.1     	75.4     	70.0     	64.5     	62.3     	63.2     	60.2     	52.9     	52.8     	52.4     	51.9     	51.8     	47.9     	48.3     	48.4     	47.7     	42.9     	42.8     	41.4     	41.7     	41.9     	42.3     	42.7     	43.6     	44.8     	46.1     
	2026-03-03  	11:34:11  	00:01:25  	         	81.0     	88.3     	97.7     	107.3    	101.8    	95.5     	93.8     	89.5     	88.1     	84.8     	75.8     	77.6     	69.3     	63.7     	60.1     	63.4     	59.2     	51.7     	50.4     	50.3     	50.6     	51.3     	46.5     	46.5     	46.2     	46.8     	42.0     	41.3     	40.7     	41.4     	41.6     	42.0     	43.0     	43.6     	44.7     	46.0     
	2026-03-03  	11:34:12  	00:01:26  	         	81.4     	90.0     	95.3     	99.2     	100.7    	92.4     	90.9     	91.2     	85.3     	84.9     	76.7     	73.9     	68.0     	60.2     	60.7     	61.7     	56.4     	51.6     	49.9     	49.7     	49.6     	49.2     	45.5     	47.0     	46.9     	46.0     	43.1     	43.8     	42.8     	42.5     	42.5     	42.4     	42.9     	43.7     	44.9     	46.1     
	2026-03-03  	11:34:13  	00:01:27  	         	80.6     	88.7     	91.9     	97.5     	98.8     	93.5     	88.9     	87.1     	84.7     	89.3     	77.5     	73.8     	66.6     	60.4     	61.1     	60.6     	56.9     	50.9     	49.9     	48.8     	49.1     	48.5     	44.5     	48.0     	46.2     	45.9     	41.3     	40.3     	40.2     	40.6     	41.1     	41.7     	42.5     	43.6     	44.8     	46.0     
	2026-03-03  	11:34:14  	00:01:28  	         	82.0     	86.1     	84.6     	96.0     	96.4     	97.4     	91.9     	84.5     	84.7     	82.9     	71.3     	68.1     	62.5     	55.3     	52.4     	57.4     	54.5     	48.5     	46.6     	48.3     	44.9     	46.6     	42.7     	45.6     	44.6     	44.3     	39.8     	39.5     	39.6     	40.3     	40.9     	41.6     	42.5     	43.7     	44.8     	46.2     
	2026-03-03  	11:34:15  	00:01:29  	         	76.4     	79.1     	82.9     	96.0     	102.0    	95.2     	89.1     	80.0     	81.5     	79.1     	72.6     	66.3     	60.4     	51.1     	50.2     	57.3     	54.0     	48.9     	47.2     	45.8     	44.2     	46.5     	41.2     	44.2     	44.5     	45.2     	39.1     	39.1     	39.5     	40.0     	40.7     	41.7     	42.6     	43.6     	44.6     	46.0     
	2026-03-03  	11:34:16  	00:01:30  	         	78.3     	79.7     	80.1     	102.2    	102.1    	92.7     	80.9     	79.9     	75.5     	74.2     	65.4     	63.3     	56.7     	50.8     	50.0     	57.7     	54.5     	48.6     	45.7     	44.8     	44.0     	46.2     	40.7     	43.9     	43.8     	44.1     	39.1     	38.9     	39.4     	39.9     	40.6     	41.6     	42.4     	43.5     	44.8     	46.1     
	2026-03-03  	11:34:17  	00:01:31  	         	74.4     	82.6     	87.2     	89.6     	95.3     	89.7     	78.9     	73.1     	70.3     	75.7     	66.7     	61.0     	56.0     	51.1     	49.1     	57.0     	53.9     	47.8     	44.5     	45.3     	43.5     	46.1     	40.5     	43.3     	42.1     	41.7     	38.5     	38.7     	38.9     	39.7     	40.5     	41.5     	42.3     	43.6     	44.7     	46.0     
	2026-03-03  	11:34:18  	00:01:32  	         	75.9     	81.0     	84.4     	83.8     	91.6     	83.2     	78.5     	73.2     	70.9     	72.4     	64.2     	60.3     	57.7     	49.8     	50.8     	55.8     	53.7     	47.8     	44.4     	45.8     	44.4     	46.9     	41.3     	43.4     	42.7     	42.2     	39.7     	39.4     	39.7     	40.4     	40.7     	41.6     	42.5     	43.4     	44.8     	46.1     
	2026-03-03  	11:34:19  	00:01:33  	         	72.3     	76.8     	83.0     	85.5     	91.6     	81.2     	79.6     	71.3     	69.9     	70.7     	65.8     	62.4     	57.0     	50.5     	50.2     	55.1     	52.9     	48.6     	44.7     	46.0     	45.6     	47.5     	42.0     	44.6     	43.2     	43.5     	40.6     	40.4     	40.1     	40.7     	41.2     	41.8     	42.5     	43.6     	44.7     	45.9     
	2026-03-03  	11:34:20  	00:01:34  	         	69.6     	74.0     	82.0     	91.2     	89.5     	84.3     	80.5     	74.0     	75.4     	77.1     	66.8     	61.6     	57.5     	51.2     	51.1     	58.2     	53.8     	48.8     	45.0     	46.2     	46.4     	47.5     	41.5     	44.3     	43.0     	42.0     	38.5     	38.6     	39.0     	39.8     	40.5     	41.5     	42.4     	43.5     	44.7     	45.9     
	2026-03-03  	11:34:21  	00:01:35  	         	68.7     	80.6     	87.9     	91.8     	93.2     	83.6     	81.9     	77.4     	75.1     	74.8     	65.5     	61.8     	60.9     	53.3     	51.6     	57.0     	53.7     	49.5     	50.3     	46.3     	49.5     	47.7     	42.6     	44.5     	43.7     	43.2     	39.5     	39.4     	39.4     	40.2     	40.5     	41.4     	42.3     	43.6     	44.8     	46.0     
	2026-03-03  	11:34:22  	00:01:36  	         	70.5     	76.4     	79.4     	86.3     	85.9     	81.5     	76.7     	71.9     	74.1     	73.3     	64.2     	63.8     	62.1     	54.9     	51.5     	57.8     	54.5     	49.2     	48.8     	48.4     	50.8     	47.9     	43.0     	44.8     	44.3     	44.6     	39.5     	39.5     	39.4     	40.1     	40.9     	41.5     	42.5     	43.6     	44.8     	46.0     
	2026-03-03  	11:34:23  	00:01:37  	         	61.5     	65.7     	74.0     	84.6     	81.8     	77.3     	72.3     	71.4     	68.8     	68.1     	62.7     	58.8     	55.6     	54.6     	57.8     	57.1     	54.2     	48.9     	48.1     	49.2     	50.2     	47.0     	42.3     	44.8     	44.4     	45.1     	39.0     	39.5     	39.3     	39.7     	40.6     	41.7     	42.5     	43.7     	44.8     	46.0     
	2026-03-03  	11:34:24  	00:01:38  	         	59.1     	64.4     	74.4     	84.2     	86.6     	79.2     	73.1     	69.8     	70.7     	68.7     	64.9     	57.5     	56.9     	50.9     	58.2     	60.3     	54.3     	48.2     	47.9     	46.4     	50.5     	48.2     	41.8     	45.3     	45.5     	46.4     	39.2     	39.2     	39.4     	39.7     	40.6     	41.5     	42.4     	43.6     	44.7     	46.0     
	2026-03-03  	11:34:25  	00:01:39  	         	67.6     	69.0     	81.3     	86.3     	86.2     	86.4     	79.9     	74.5     	70.6     	71.1     	63.0     	62.3     	54.8     	49.6     	50.8     	60.0     	54.6     	48.2     	45.1     	45.9     	50.9     	49.4     	41.6     	44.5     	46.1     	47.3     	39.3     	38.7     	39.0     	39.8     	40.5     	41.6     	42.5     	43.5     	44.8     	46.0     
	2026-03-03  	11:34:26  	00:01:40  	         	57.8     	73.3     	83.5     	87.1     	93.9     	84.5     	80.6     	72.0     	68.6     	78.5     	65.0     	59.1     	55.0     	49.2     	50.6     	57.9     	55.4     	48.8     	47.4     	45.8     	46.7     	48.9     	42.9     	44.5     	45.9     	47.9     	39.3     	38.7     	39.4     	40.0     	40.6     	41.6     	42.4     	43.5     	44.9     	46.0     
	2026-03-03  	11:34:27  	00:01:41  	         	71.6     	72.3     	85.8     	88.9     	92.0     	83.7     	78.2     	71.4     	68.9     	71.5     	59.2     	58.6     	55.1     	50.1     	50.3     	56.8     	54.7     	48.2     	46.9     	46.1     	46.7     	48.8     	43.6     	44.2     	45.2     	47.1     	39.2     	38.7     	39.1     	39.7     	40.5     	41.5     	42.4     	43.5     	44.7     	46.0     
	2026-03-03  	11:34:28  	00:01:42  	         	72.0     	73.3     	83.7     	86.9     	90.6     	86.6     	75.5     	70.2     	70.7     	71.6     	62.5     	59.9     	56.5     	50.2     	50.5     	57.4     	55.3     	49.1     	46.3     	46.0     	45.9     	48.6     	42.4     	45.1     	46.0     	48.1     	40.9     	40.2     	40.2     	40.5     	41.1     	42.0     	42.4     	43.5     	44.7     	46.0     
	2026-03-03  	11:34:29  	00:01:43  	         	75.4     	75.1     	82.2     	85.3     	87.9     	79.8     	76.9     	67.7     	70.7     	68.2     	63.7     	58.3     	56.7     	51.7     	53.0     	60.9     	56.2     	49.1     	48.0     	46.6     	46.3     	47.7     	42.3     	45.2     	46.2     	48.8     	41.3     	39.6     	40.7     	40.7     	41.1     	41.7     	42.6     	43.6     	44.7     	45.9     
	2026-03-03  	11:34:30  	00:01:44  	         	72.8     	71.9     	77.2     	85.1     	84.8     	80.8     	75.5     	69.3     	66.7     	72.7     	64.0     	58.9     	57.4     	50.0     	55.3     	58.4     	56.1     	50.1     	47.0     	48.2     	47.8     	47.5     	42.3     	46.0     	46.7     	47.7     	41.0     	39.8     	40.2     	40.2     	40.9     	41.8     	42.4     	43.5     	44.9     	46.1     
	2026-03-03  	11:34:31  	00:01:45  	         	70.3     	70.4     	74.3     	82.5     	85.2     	85.4     	76.6     	71.9     	69.2     	69.6     	68.9     	60.8     	58.9     	50.8     	53.7     	57.9     	54.0     	50.0     	49.7     	48.7     	46.7     	45.6     	41.6     	45.3     	46.1     	47.7     	41.4     	40.3     	40.3     	41.9     	41.3     	42.2     	42.5     	43.3     	44.9     	46.0     
	2026-03-03  	11:34:32  	00:01:46  	         	67.4     	69.9     	79.0     	85.7     	85.7     	84.9     	74.9     	66.1     	71.2     	69.2     	65.7     	60.6     	56.1     	51.7     	54.3     	59.4     	55.5     	47.9     	46.3     	47.3     	44.7     	45.2     	41.4     	45.5     	45.9     	47.0     	39.1     	38.7     	39.0     	39.8     	40.5     	41.5     	42.5     	43.5     	44.6     	45.9     
	2026-03-03  	11:34:33  	00:01:47  	         	61.0     	66.1     	83.1     	83.2     	80.9     	85.3     	73.5     	70.2     	69.5     	70.3     	66.4     	59.8     	56.5     	51.8     	54.1     	58.1     	55.6     	48.2     	45.9     	45.5     	44.5     	45.7     	42.0     	44.2     	45.0     	46.2     	39.0     	38.7     	39.1     	39.7     	40.5     	41.3     	42.4     	43.5     	44.8     	46.0     
	2026-03-03  	11:34:34  	00:01:48  	         	65.0     	73.6     	78.1     	82.4     	83.9     	87.3     	74.1     	68.5     	67.4     	66.3     	62.2     	59.0     	55.8     	51.5     	52.8     	58.0     	54.5     	47.6     	45.8     	45.7     	44.8     	46.9     	41.9     	45.9     	45.4     	45.5     	38.7     	38.6     	39.2     	39.8     	40.3     	41.4     	42.4     	43.4     	44.7     	45.9     
	2026-03-03  	11:34:35  	00:01:49  	         	70.0     	67.7     	70.6     	79.6     	85.2     	88.0     	74.6     	70.7     	66.3     	62.8     	62.4     	57.9     	53.8     	49.5     	53.1     	59.8     	55.7     	47.9     	45.7     	45.0     	43.1     	45.7     	41.6     	43.5     	45.7     	47.2     	38.6     	38.9     	39.1     	39.8     	40.5     	41.3     	42.5     	43.6     	44.8     	46.0     
	2026-03-03  	11:34:36  	00:01:50  	         	68.8     	71.2     	73.9     	84.1     	88.3     	88.2     	75.1     	69.4     	65.8     	64.0     	64.7     	57.6     	55.8     	50.4     	49.6     	57.9     	55.3     	47.7     	45.9     	45.7     	44.1     	46.7     	41.8     	43.3     	45.3     	47.0     	39.1     	38.7     	39.4     	39.9     	40.6     	41.5     	42.5     	43.6     	44.7     	45.9     
	2026-03-03  	11:34:37  	00:01:51  	         	69.4     	64.9     	76.5     	88.5     	88.4     	85.4     	75.1     	67.2     	69.5     	66.2     	66.4     	56.8     	53.4     	49.3     	48.2     	57.1     	55.7     	47.1     	45.7     	45.1     	44.0     	46.5     	41.4     	42.8     	44.7     	46.3     	38.6     	38.7     	38.9     	39.6     	40.5     	41.5     	42.5     	43.4     	44.7     	46.0     
	2026-03-03  	11:34:38  	00:01:52  	         	70.6     	69.5     	85.0     	91.4     	91.4     	91.4     	77.1     	74.6     	70.5     	71.9     	64.9     	59.9     	59.0     	50.6     	50.7     	57.7     	55.8     	48.0     	46.7     	46.2     	45.2     	47.8     	44.4     	44.5     	45.5     	46.3     	40.2     	39.7     	39.5     	40.0     	40.7     	41.5     	42.6     	43.6     	44.8     	46.0     
	2026-03-03  	11:34:39  	00:01:53  	         	70.4     	75.1     	89.5     	95.4     	98.5     	87.9     	80.0     	75.3     	72.7     	69.7     	68.4     	61.7     	56.8     	53.5     	54.8     	58.8     	54.7     	48.0     	46.0     	45.6     	43.8     	46.5     	42.1     	43.5     	44.3     	45.5     	38.9     	38.7     	38.9     	39.8     	40.4     	41.4     	42.4     	43.6     	44.7     	46.0     
	2026-03-03  	11:34:40  	00:01:54  	         	69.3     	76.7     	82.8     	89.0     	93.5     	85.1     	75.6     	70.0     	68.8     	66.5     	66.4     	58.6     	54.6     	51.7     	53.0     	57.3     	55.1     	48.2     	45.4     	45.1     	46.1     	45.1     	40.6     	43.5     	43.7     	45.0     	38.7     	38.8     	39.0     	39.5     	40.4     	41.4     	42.4     	43.5     	44.8     	46.1     
	2026-03-03  	11:34:41  	00:01:55  	         	67.2     	70.6     	79.3     	84.4     	85.1     	80.0     	80.0     	70.6     	68.9     	72.1     	68.4     	60.3     	59.6     	52.8     	54.0     	57.7     	55.9     	49.1     	44.7     	47.5     	45.4     	45.5     	40.8     	43.5     	44.2     	45.2     	39.2     	39.0     	39.3     	39.8     	40.6     	41.6     	42.5     	43.6     	44.8     	45.9     
	2026-03-03  	11:34:42  	00:01:56  	         	66.0     	70.0     	77.3     	82.8     	82.1     	78.0     	71.3     	63.9     	69.6     	75.7     	67.0     	59.7     	59.7     	54.2     	50.6     	57.7     	55.1     	48.0     	47.7     	46.5     	44.4     	45.4     	44.3     	47.5     	49.8     	50.6     	55.7     	53.1     	54.8     	53.1     	51.1     	48.1     	44.3     	43.8     	45.3     	46.0     
	2026-03-03  	11:34:43  	00:01:57  	         	66.3     	70.9     	78.1     	80.8     	78.5     	73.4     	70.6     	65.8     	68.0     	70.5     	67.3     	62.7     	56.4     	49.2     	49.8     	57.4     	54.7     	50.1     	45.1     	45.3     	44.6     	43.6     	41.0     	44.0     	45.7     	48.4     	38.8     	39.0     	39.5     	39.9     	40.8     	41.5     	42.4     	43.5     	44.8     	46.1     
	2026-03-03  	11:34:44  	00:01:58  	         	70.4     	76.0     	75.3     	88.2     	87.2     	76.6     	74.7     	69.6     	70.4     	72.9     	70.8     	73.2     	71.4     	54.6     	54.3     	57.5     	55.1     	48.8     	47.3     	46.1     	44.4     	43.6     	41.7     	43.6     	45.6     	48.4     	42.3     	41.9     	41.3     	40.3     	40.7     	41.6     	42.6     	43.6     	44.7     	46.0     
	2026-03-03  	11:34:45  	00:01:59  	         	69.4     	74.2     	70.9     	75.2     	80.0     	68.6     	68.0     	61.5     	63.6     	59.8     	68.3     	74.7     	70.2     	58.9     	54.6     	56.2     	54.2     	49.8     	47.9     	47.3     	45.5     	43.1     	41.8     	44.0     	46.0     	49.0     	39.4     	39.5     	39.7     	40.1     	40.8     	41.4     	42.3     	43.4     	44.8     	46.0     
	2026-03-03  	11:34:46  	00:02:00  	         	83.6     	83.1     	77.5     	83.3     	84.8     	80.1     	79.8     	72.1     	74.1     	72.0     	70.6     	70.6     	71.1     	62.6     	62.0     	65.5     	61.1     	62.4     	62.9     	60.2     	60.4     	56.0     	54.1     	52.7     	51.6     	51.4     	47.2     	50.7     	53.0     	56.1     	51.6     	48.2     	45.7     	45.1     	45.4     	46.1     
	2026-03-03  	11:34:47  	00:02:01  	         	84.0     	80.5     	76.6     	72.1     	74.7     	71.1     	72.9     	75.3     	67.0     	66.2     	71.4     	68.3     	64.6     	60.0     	57.6     	58.0     	55.5     	50.9     	50.8     	52.1     	50.9     	51.2     	48.1     	46.0     	46.3     	47.8     	46.6     	47.7     	44.6     	44.9     	42.7     	43.1     	45.2     	44.4     	45.4     	46.0     
	2026-03-03  	11:34:48  	00:02:02  	         	68.2     	68.4     	71.2     	78.5     	79.8     	78.9     	76.1     	87.4     	78.4     	73.7     	72.2     	67.7     	68.7     	61.5     	57.7     	59.2     	60.4     	58.1     	58.8     	58.5     	60.0     	56.1     	54.9     	48.1     	46.7     	47.0     	41.7     	42.4     	41.2     	41.2     	40.9     	41.6     	42.6     	43.5     	44.7     	46.0     
	2026-03-03  	11:34:49  	00:02:03  	         	64.7     	69.0     	66.9     	75.6     	76.9     	73.1     	65.9     	71.1     	65.0     	64.9     	70.1     	66.2     	62.7     	56.3     	57.1     	57.2     	53.5     	48.4     	48.2     	47.5     	47.4     	42.3     	45.3     	43.6     	43.3     	45.7     	41.9     	42.2     	40.2     	40.5     	41.2     	41.6     	42.9     	43.7     	45.0     	45.9     
	2026-03-03  	11:34:50  	00:02:04  	         	50.4     	58.0     	56.6     	62.4     	60.3     	61.7     	63.0     	61.5     	63.6     	65.0     	69.4     	64.9     	62.3     	57.7     	57.7     	58.0     	52.9     	49.8     	48.7     	47.0     	48.0     	42.9     	42.9     	43.1     	43.2     	43.9     	40.8     	40.5     	40.9     	41.8     	42.5     	42.6     	43.0     	43.7     	44.9     	46.1     
	2026-03-03  	11:34:51  	00:02:05  	         	48.9     	49.6     	54.8     	57.7     	58.1     	59.0     	60.7     	59.1     	65.1     	66.2     	69.3     	66.7     	62.2     	59.9     	57.4     	58.8     	53.5     	48.1     	49.4     	46.0     	47.2     	42.3     	42.3     	42.3     	44.0     	46.0     	39.3     	39.1     	39.5     	40.0     	40.7     	41.5     	42.5     	43.4     	44.8     	46.0     
	2026-03-03  	11:34:52  	00:02:06  	         	49.2     	47.7     	57.6     	59.8     	60.4     	59.2     	62.0     	61.9     	64.7     	66.7     	69.5     	65.7     	62.5     	57.1     	56.8     	57.7     	53.9     	49.2     	49.8     	46.0     	47.6     	43.4     	42.7     	42.8     	45.4     	47.9     	39.8     	39.6     	39.8     	40.2     	41.0     	41.6     	42.5     	43.4     	44.8     	45.9     
	2026-03-03  	11:34:53  	00:02:07  	         	47.5     	50.2     	54.4     	59.8     	58.3     	58.5     	64.9     	63.1     	63.3     	65.1     	69.9     	63.9     	61.0     	58.2     	58.6     	57.9     	52.9     	49.2     	48.8     	47.3     	48.3     	42.9     	42.6     	42.6     	44.0     	45.9     	38.8     	38.8     	39.6     	39.8     	40.5     	41.8     	42.5     	43.4     	44.8     	46.0     
	2026-03-03  	11:34:54  	00:02:08  	         	45.8     	43.5     	50.1     	58.7     	55.8     	58.7     	65.5     	60.8     	62.6     	65.3     	69.5     	66.1     	62.9     	59.7     	56.3     	57.8     	53.0     	46.7     	48.6     	47.4     	47.0     	43.4     	42.6     	43.4     	44.0     	45.8     	38.7     	38.7     	39.3     	39.9     	40.5     	41.5     	42.4     	43.5     	44.7     	46.0     
	2026-03-03  	11:34:55  	00:02:09  	         	43.1     	43.1     	52.4     	58.2     	58.7     	57.6     	64.0     	61.2     	64.8     	63.8     	70.9     	67.8     	63.1     	60.5     	60.1     	57.8     	52.4     	48.0     	48.5     	48.6     	47.9     	48.3     	43.9     	42.1     	45.6     	47.9     	40.3     	38.4     	39.1     	39.7     	40.5     	41.4     	42.5     	43.5     	44.8     	45.9     
	2026-03-03  	11:34:56  	00:02:10  	         	43.8     	44.2     	56.0     	56.4     	56.6     	59.3     	61.8     	61.9     	61.2     	63.3     	71.4     	66.6     	62.9     	60.4     	59.4     	57.9     	52.7     	47.4     	48.9     	49.2     	48.7     	48.8     	43.9     	42.0     	41.0     	41.1     	38.1     	38.2     	39.0     	39.7     	40.4     	41.4     	42.2     	43.4     	44.8     	46.0     
	2026-03-03  	11:34:57  	00:02:11  	         	39.8     	42.9     	52.8     	55.5     	58.5     	60.6     	61.1     	61.5     	64.2     	65.5     	72.0     	67.9     	65.5     	61.0     	58.6     	58.3     	53.3     	47.0     	48.3     	48.8     	49.0     	48.8     	43.8     	42.3     	41.0     	41.5     	37.9     	38.6     	38.8     	39.7     	40.4     	41.3     	42.4     	43.5     	44.7     	45.9     
	2026-03-03  	11:34:58  	00:02:12  	         	42.8     	44.2     	53.3     	56.1     	57.8     	58.6     	62.7     	59.8     	65.9     	64.9     	72.0     	68.7     	62.1     	59.7     	58.4     	57.8     	52.5     	47.5     	47.6     	49.1     	48.8     	48.7     	44.1     	42.7     	41.1     	41.7     	38.3     	38.2     	39.1     	39.3     	40.5     	41.4     	42.3     	43.4     	44.8     	46.0     
	2026-03-03  	11:34:59  	00:02:13  	         	42.1     	46.3     	55.0     	58.5     	55.1     	53.7     	61.3     	60.5     	63.9     	62.3     	71.6     	66.4     	63.4     	57.6     	59.7     	58.0     	53.0     	48.8     	47.1     	48.7     	48.8     	48.6     	44.2     	42.5     	41.0     	41.8     	37.7     	38.4     	38.9     	39.6     	40.4     	41.5     	42.3     	43.4     	44.7     	45.9     
	2026-03-03  	11:35:00  	00:02:14  	         	47.0     	50.6     	59.5     	64.6     	68.4     	68.1     	70.4     	70.8     	68.3     	67.6     	73.7     	75.7     	73.0     	66.2     	62.8     	64.4     	61.0     	58.5     	59.8     	60.2     	57.7     	56.0     	51.2     	48.3     	46.3     	46.7     	42.0     	46.5     	46.4     	48.2     	45.6     	43.8     	43.5     	43.9     	44.9     	46.0     
	2026-03-03  	11:35:01  	00:02:15  	         	66.3     	62.5     	68.0     	68.8     	76.5     	73.4     	70.3     	78.0     	73.8     	73.5     	74.2     	73.3     	70.5     	68.0     	63.5     	63.6     	61.8     	62.1     	66.6     	65.0     	62.2     	60.9     	55.6     	52.2     	49.3     	49.1     	46.5     	51.4     	51.6     	50.6     	48.8     	45.0     	45.4     	44.3     	45.1     	46.1     
	2026-03-03  	11:35:02  	00:02:16  	         	66.4     	71.4     	75.2     	81.4     	81.6     	82.4     	76.8     	82.5     	77.4     	81.8     	75.1     	71.9     	70.5     	63.5     	62.5     	66.6     	61.6     	58.9     	61.4     	59.0     	57.9     	56.8     	54.5     	56.9     	51.2     	49.8     	45.1     	45.1     	44.1     	43.8     	41.9     	42.3     	43.1     	43.6     	45.7     	46.0     
	2026-03-03  	11:35:03  	00:02:17  	         	80.9     	80.5     	79.1     	92.3     	92.2     	89.0     	86.2     	85.2     	77.9     	77.6     	68.6     	66.1     	68.7     	60.9     	57.6     	58.7     	54.2     	49.1     	49.5     	51.4     	48.0     	49.1     	56.9     	45.2     	43.4     	44.2     	39.8     	43.7     	39.9     	39.9     	40.4     	41.5     	42.4     	43.4     	44.8     	45.9     
	2026-03-03  	11:35:04  	00:02:18  	         	67.9     	61.4     	62.7     	70.3     	73.8     	64.1     	64.2     	58.2     	59.9     	60.5     	64.1     	64.4     	65.5     	58.9     	57.6     	58.4     	53.0     	47.0     	47.9     	50.1     	48.0     	47.1     	42.2     	42.3     	42.8     	44.2     	38.4     	38.5     	39.2     	39.5     	40.5     	41.3     	42.4     	43.4     	44.7     	46.0     
	2026-03-03  	11:35:05  	00:02:19  	         	55.6     	47.4     	50.4     	63.8     	64.6     	62.5     	69.6     	72.1     	69.8     	65.6     	63.2     	67.2     	65.6     	58.2     	56.9     	58.8     	53.1     	46.8     	47.5     	50.8     	48.1     	47.5     	42.6     	42.5     	42.5     	43.8     	38.5     	39.0     	39.2     	39.7     	40.4     	41.4     	42.4     	43.4     	44.7     	46.0     
	2026-03-03  	11:35:06  	00:02:20  	         	50.2     	52.3     	52.3     	56.3     	71.0     	66.8     	66.0     	70.4     	66.1     	63.7     	61.8     	60.9     	65.0     	58.5     	56.8     	58.2     	53.7     	46.3     	47.7     	49.9     	47.9     	47.5     	42.9     	42.7     	42.6     	44.1     	38.1     	38.6     	39.2     	39.6     	40.5     	41.5     	42.3     	43.5     	44.8     	46.0     
	2026-03-03  	11:35:07  	00:02:21  	         	45.0     	49.4     	49.3     	54.9     	62.7     	62.2     	60.7     	57.2     	65.1     	58.5     	63.3     	61.9     	64.7     	58.9     	55.8     	56.6     	51.9     	46.7     	47.5     	49.6     	48.2     	47.9     	42.8     	42.8     	42.7     	44.3     	38.1     	38.7     	39.1     	39.6     	40.5     	41.3     	42.4     	43.4     	44.9     	46.0     
	2026-03-03  	11:35:08  	00:02:22  	         	47.7     	49.1     	46.7     	54.3     	57.6     	57.6     	62.8     	55.7     	60.4     	62.5     	63.8     	62.8     	65.6     	60.0     	55.9     	57.9     	52.7     	47.2     	47.6     	49.7     	48.1     	47.7     	43.2     	42.5     	42.2     	44.3     	38.5     	38.8     	39.3     	39.7     	40.5     	41.3     	42.4     	43.4     	44.8     	46.1     
	2026-03-03  	11:35:09  	00:02:23  	         	48.3     	50.3     	49.5     	59.8     	59.0     	57.2     	63.2     	54.5     	62.1     	63.0     	62.6     	62.8     	63.2     	57.8     	57.3     	58.5     	52.3     	47.8     	47.7     	49.4     	47.8     	47.9     	43.2     	42.3     	42.8     	44.8     	38.5     	38.5     	39.1     	39.9     	40.7     	41.4     	42.4     	43.3     	44.7     	45.9     
	2026-03-03  	11:35:10  	00:02:24  	         	48.2     	44.6     	50.7     	58.5     	58.9     	60.4     	62.7     	57.7     	63.0     	62.7     	61.8     	63.5     	64.0     	60.1     	56.8     	56.6     	51.7     	48.9     	47.1     	48.4     	46.5     	44.5     	42.5     	42.1     	43.6     	45.6     	39.3     	39.3     	39.3     	39.8     	40.8     	41.6     	42.5     	43.5     	44.8     	46.0     
	2026-03-03  	11:35:11  	00:02:25  	         	47.3     	52.2     	49.3     	58.1     	58.0     	56.0     	64.7     	54.6     	63.0     	60.7     	62.7     	62.1     	64.4     	57.9     	55.5     	58.3     	52.5     	47.3     	47.4     	47.9     	46.7     	44.8     	42.4     	42.4     	44.9     	47.4     	39.2     	38.5     	39.2     	39.6     	40.4     	41.5     	42.4     	43.4     	44.7     	46.1     
	2026-03-03  	11:35:12  	00:02:26  	         	48.4     	48.4     	45.9     	52.8     	57.2     	57.7     	63.6     	53.6     	62.7     	62.6     	63.0     	65.4     	65.6     	59.4     	56.4     	57.7     	52.9     	47.3     	47.2     	49.6     	47.5     	45.9     	42.3     	42.4     	45.0     	47.6     	39.1     	38.4     	38.6     	39.6     	40.5     	41.5     	42.5     	43.3     	44.8     	46.0     
	2026-03-03  	11:35:13  	00:02:27  	         	48.8     	43.4     	42.1     	60.9     	58.7     	57.8     	62.1     	54.0     	60.8     	63.0     	63.1     	63.6     	65.6     	60.4     	56.5     	57.0     	52.8     	47.2     	48.3     	49.1     	46.9     	46.3     	41.9     	42.3     	44.6     	47.2     	38.8     	38.3     	39.1     	39.5     	40.3     	41.4     	42.4     	43.6     	44.7     	46.0     
	2026-03-03  	11:35:14  	00:02:28  	         	49.5     	52.0     	47.9     	57.6     	55.7     	55.2     	61.0     	56.5     	62.0     	62.6     	61.3     	63.5     	64.2     	57.9     	56.8     	57.3     	51.9     	46.9     	47.1     	48.3     	47.1     	46.0     	41.8     	42.2     	44.3     	46.8     	39.0     	38.3     	38.9     	39.5     	40.4     	41.4     	42.3     	43.4     	44.8     	45.9     
	2026-03-03  	11:35:15  	00:02:29  	         	45.9     	47.0     	47.4     	59.6     	60.9     	60.1     	62.7     	59.5     	62.6     	63.4     	63.3     	64.7     	66.3     	59.9     	55.5     	58.9     	53.5     	47.3     	47.6     	49.1     	47.6     	46.0     	42.7     	42.6     	44.4     	46.6     	39.2     	38.9     	39.5     	39.9     	40.3     	41.4     	42.5     	43.4     	44.8     	45.9     
	2026-03-03  	11:35:16  	00:02:30  	         	53.4     	57.9     	63.9     	76.2     	74.6     	75.8     	67.5     	54.7     	64.4     	65.2     	66.9     	64.3     	68.9     	59.3     	57.4     	58.5     	52.8     	48.4     	51.9     	52.2     	48.3     	46.7     	43.7     	43.4     	44.4     	46.8     	39.7     	38.4     	39.3     	39.9     	40.6     	41.5     	42.3     	43.5     	44.8     	46.1     
	2026-03-03  	11:35:17  	00:02:31  	         	52.8     	61.9     	65.6     	73.0     	73.4     	71.7     	67.5     	61.4     	66.0     	66.9     	63.7     	61.3     	63.7     	58.7     	57.0     	58.5     	53.5     	48.4     	47.9     	49.9     	47.1     	46.5     	42.3     	43.3     	44.0     	46.1     	38.9     	38.1     	39.6     	39.8     	40.5     	41.5     	42.4     	43.5     	44.7     	46.0     
	2026-03-03  	11:35:18  	00:02:32  	         	54.2     	56.8     	64.6     	71.3     	74.0     	68.3     	68.7     	57.6     	66.5     	68.6     	62.4     	62.9     	64.6     	59.6     	56.9     	58.6     	53.0     	49.5     	48.4     	49.3     	47.2     	47.3     	42.6     	42.9     	43.9     	45.6     	39.4     	38.7     	39.2     	39.8     	40.4     	41.6     	42.3     	43.6     	44.8     	45.9     
	2026-03-03  	11:35:19  	00:02:33  	         	57.2     	63.2     	69.7     	74.3     	76.6     	71.2     	70.7     	60.9     	66.2     	70.2     	62.2     	62.5     	63.9     	58.6     	58.3     	58.8     	54.0     	47.4     	51.7     	50.2     	47.4     	46.7     	43.0     	43.8     	43.3     	45.0     	40.0     	39.4     	40.1     	40.2     	40.7     	41.8     	42.5     	43.8     	44.7     	46.0     
	2026-03-03  	11:35:20  	00:02:34  	         	56.9     	66.3     	76.5     	78.0     	82.7     	79.1     	71.3     	66.1     	67.7     	68.4     	64.7     	63.3     	64.7     	59.8     	58.9     	58.8     	53.2     	48.0     	48.7     	50.4     	49.2     	47.9     	43.2     	44.0     	43.3     	45.0     	40.5     	40.0     	40.4     	40.4     	41.1     	41.7     	42.5     	44.0     	44.7     	46.0     
	2026-03-03  	11:35:21  	00:02:35  	         	65.2     	69.6     	82.2     	82.6     	83.4     	85.3     	80.2     	67.7     	68.6     	71.1     	63.6     	64.7     	64.2     	59.2     	57.2     	61.7     	55.7     	48.5     	49.1     	49.5     	48.4     	51.3     	44.7     	44.2     	44.4     	45.1     	40.4     	39.4     	39.7     	39.9     	40.7     	41.5     	42.4     	44.1     	44.8     	46.0     
	2026-03-03  	11:35:22  	00:02:36  	         	69.2     	68.0     	76.2     	91.8     	90.2     	81.3     	76.6     	71.5     	68.8     	70.3     	67.3     	64.7     	63.3     	59.1     	55.7     	58.7     	55.6     	49.2     	47.6     	50.5     	49.6     	49.8     	48.3     	45.2     	45.2     	47.1     	40.6     	39.7     	39.9     	40.2     	40.9     	41.7     	42.4     	44.4     	44.7     	46.0     
	2026-03-03  	11:35:23  	00:02:37  	         	75.6     	67.8     	85.0     	88.6     	86.5     	81.0     	78.4     	73.5     	71.2     	71.9     	67.0     	64.3     	66.7     	58.9     	56.4     	59.7     	54.8     	52.5     	49.1     	50.9     	53.1     	52.6     	48.6     	52.5     	47.6     	48.4     	40.7     	39.7     	40.0     	40.1     	41.0     	41.5     	42.3     	43.8     	44.7     	46.0     
	2026-03-03  	11:35:24  	00:02:38  	         	76.5     	79.7     	82.4     	93.8     	93.4     	85.4     	79.9     	76.4     	75.0     	73.5     	67.2     	64.7     	63.8     	60.2     	55.7     	59.4     	54.6     	52.6     	51.2     	50.6     	52.8     	55.0     	47.8     	51.0     	48.4     	49.4     	41.1     	39.7     	39.8     	40.2     	41.1     	41.6     	42.4     	43.5     	44.8     	46.0     
	2026-03-03  	11:35:25  	00:02:39  	         	75.8     	79.1     	80.3     	87.8     	95.9     	84.4     	80.8     	76.7     	73.4     	72.7     	67.4     	63.9     	63.3     	59.1     	57.0     	59.0     	54.9     	53.5     	53.5     	51.4     	51.7     	53.5     	48.5     	48.1     	48.5     	48.7     	40.7     	39.8     	39.6     	40.1     	40.9     	41.3     	42.3     	43.3     	44.7     	46.0     
	2026-03-03  	11:35:26  	00:02:40  	         	71.2     	77.0     	85.6     	94.5     	97.5     	90.2     	80.6     	76.2     	82.9     	77.6     	67.4     	66.2     	63.8     	61.6     	58.8     	59.8     	55.2     	54.4     	52.6     	51.7     	51.6     	54.2     	49.6     	48.6     	51.9     	50.5     	41.6     	40.4     	40.2     	40.2     	41.6     	41.5     	42.3     	43.5     	44.7     	46.0     
	2026-03-03  	11:35:27  	00:02:41  	         	72.9     	81.0     	92.7     	92.4     	96.5     	91.3     	80.0     	77.0     	75.7     	72.4     	68.2     	64.3     	65.7     	59.3     	57.7     	59.1     	57.8     	53.6     	53.1     	52.1     	52.4     	54.5     	51.2     	48.1     	51.7     	49.3     	42.6     	42.3     	41.7     	40.6     	41.3     	41.6     	42.7     	43.4     	44.8     	46.0     
	2026-03-03  	11:35:28  	00:02:42  	         	78.7     	83.7     	85.4     	95.5     	99.3     	93.2     	83.5     	75.7     	74.9     	73.6     	67.1     	64.2     	63.3     	58.7     	58.2     	64.4     	62.6     	62.1     	69.0     	63.3     	62.0     	63.7     	64.7     	60.7     	59.3     	55.1     	52.6     	48.9     	42.1     	41.9     	41.4     	42.0     	42.4     	43.6     	44.8     	45.9     
	2026-03-03  	11:35:29  	00:02:43  	         	78.7     	80.8     	84.9     	94.7     	97.8     	91.9     	80.2     	75.8     	75.9     	77.1     	66.4     	66.8     	64.2     	58.4     	57.0     	59.6     	62.2     	59.7     	65.7     	69.9     	65.4     	61.7     	61.5     	60.5     	57.8     	54.2     	57.3     	51.7     	43.1     	41.5     	41.7     	41.5     	42.5     	43.5     	44.7     	45.9     
	2026-03-03  	11:35:30  	00:02:44  	         	81.4     	81.4     	85.6     	95.2     	97.3     	89.8     	83.5     	80.5     	80.2     	82.6     	72.3     	71.3     	65.6     	59.4     	56.3     	59.1     	63.1     	60.6     	63.8     	71.1     	66.5     	61.7     	64.2     	64.2     	63.7     	62.0     	61.5     	55.4     	46.1     	42.5     	42.0     	42.3     	42.5     	43.5     	44.8     	46.0     
	2026-03-03  	11:35:31  	00:02:45  	         	86.3     	83.5     	87.8     	95.8     	98.0     	91.0     	87.3     	81.7     	77.8     	83.8     	71.6     	70.7     	65.1     	60.9     	57.3     	60.4     	59.3     	53.5     	55.6     	60.2     	56.7     	55.7     	55.1     	54.4     	52.9     	54.8     	47.6     	44.6     	40.8     	40.5     	41.3     	42.2     	42.4     	43.5     	44.8     	46.1     
	2026-03-03  	11:35:32  	00:02:46  	         	84.5     	85.0     	88.6     	99.2     	100.5    	93.0     	86.1     	80.2     	78.0     	83.5     	70.5     	67.9     	63.5     	58.2     	58.2     	60.0     	55.4     	51.9     	52.2     	53.4     	53.6     	55.2     	51.1     	48.3     	49.0     	49.2     	41.6     	39.5     	39.6     	40.0     	40.5     	41.6     	42.3     	43.5     	44.8     	46.0     
	2026-03-03  	11:35:33  	00:02:47  	         	81.8     	82.3     	82.4     	93.5     	98.0     	88.3     	83.4     	80.5     	76.0     	72.3     	68.4     	68.3     	63.7     	59.0     	57.0     	58.8     	56.0     	50.9     	51.1     	52.8     	52.1     	52.8     	50.7     	48.2     	47.1     	47.8     	41.6     	39.8     	40.0     	40.2     	40.9     	41.4     	42.4     	43.5     	44.8     	46.0     
	2026-03-03  	11:35:34  	00:02:48  	         	81.6     	81.6     	88.2     	97.7     	97.1     	91.2     	89.4     	77.5     	79.7     	78.5     	67.8     	69.1     	64.3     	58.2     	57.7     	59.7     	56.8     	50.8     	51.5     	52.7     	52.3     	54.0     	53.4     	48.9     	49.1     	48.9     	42.2     	40.3     	41.0     	41.8     	41.5     	41.8     	42.7     	43.5     	44.8     	45.9     
	2026-03-03  	11:35:35  	00:02:49  	         	78.9     	79.9     	83.7     	100.9    	99.8     	87.6     	85.0     	79.7     	78.7     	79.6     	70.3     	68.5     	65.1     	59.1     	58.7     	61.1     	57.6     	52.7     	54.0     	53.1     	52.8     	54.4     	51.8     	50.0     	49.8     	49.7     	41.9     	39.9     	39.7     	40.0     	41.0     	41.5     	42.3     	43.5     	44.6     	46.0     
	2026-03-03  	11:35:36  	00:02:50  	         	77.0     	76.7     	84.4     	100.9    	95.6     	86.8     	85.2     	78.5     	78.1     	83.7     	70.2     	67.8     	64.4     	58.4     	57.5     	60.6     	58.3     	52.7     	53.6     	53.2     	52.4     	53.8     	51.4     	49.1     	49.8     	50.7     	41.4     	40.0     	39.5     	40.2     	41.0     	41.6     	42.3     	43.4     	44.7     	46.1     
	2026-03-03  	11:35:37  	00:02:51  	         	78.7     	78.4     	88.5     	99.9     	104.7    	93.3     	84.9     	82.6     	80.9     	81.5     	67.9     	67.5     	65.9     	59.8     	57.6     	61.6     	58.3     	54.0     	54.6     	54.9     	54.1     	55.5     	53.3     	50.7     	50.0     	51.0     	43.5     	41.7     	41.8     	42.1     	42.3     	42.2     	42.7     	43.6     	44.8     	46.0     
	2026-03-03  	11:35:38  	00:02:52  	         	79.0     	86.1     	89.1     	101.8    	105.1    	90.4     	85.1     	81.0     	80.0     	81.0     	70.8     	64.5     	64.9     	59.4     	57.5     	62.2     	57.8     	53.4     	54.1     	55.5     	53.4     	55.8     	53.5     	50.6     	49.6     	47.8     	42.4     	41.1     	41.4     	41.6     	41.5     	41.8     	42.6     	43.6     	44.9     	46.0     
	2026-03-03  	11:35:39  	00:02:53  	         	83.9     	85.5     	85.7     	95.0     	98.2     	92.2     	81.9     	77.2     	76.4     	77.5     	66.8     	66.0     	64.1     	58.2     	56.7     	59.6     	56.4     	51.8     	52.9     	54.1     	53.3     	55.8     	52.0     	49.4     	48.2     	46.0     	41.6     	40.0     	39.8     	40.3     	40.7     	41.7     	42.5     	43.5     	44.8     	46.0     
	2026-03-03  	11:35:40  	00:02:54  	         	79.1     	79.9     	81.4     	92.2     	99.7     	84.2     	85.0     	77.6     	75.3     	75.3     	69.5     	69.3     	64.2     	58.3     	55.1     	60.1     	56.4     	51.9     	52.1     	53.7     	53.1     	53.6     	50.1     	48.4     	46.5     	44.9     	41.4     	39.6     	39.7     	39.9     	40.7     	41.4     	42.3     	43.5     	44.8     	46.0     
	2026-03-03  	11:35:41  	00:02:55  	         	87.8     	84.7     	82.1     	94.2     	100.9    	89.4     	87.1     	79.1     	73.2     	74.2     	66.1     	68.3     	64.2     	57.7     	56.6     	59.9     	55.7     	51.0     	51.2     	53.1     	53.3     	53.7     	50.3     	48.0     	46.3     	44.5     	41.2     	39.5     	39.6     	39.8     	40.5     	41.6     	42.4     	43.5     	44.8     	46.0     
	2026-03-03  	11:35:42  	00:02:56  	         	87.8     	88.7     	86.2     	92.7     	98.9     	88.3     	84.0     	77.3     	75.3     	73.7     	65.9     	67.5     	65.0     	58.9     	57.2     	60.0     	55.9     	51.4     	51.0     	53.1     	52.8     	53.4     	50.0     	48.4     	46.1     	44.9     	41.0     	38.9     	39.3     	39.8     	40.4     	41.3     	42.4     	43.4     	44.7     	46.0     
	2026-03-03  	11:35:43  	00:02:57  	         	82.7     	89.2     	83.9     	90.7     	99.2     	89.1     	82.5     	75.2     	76.4     	73.1     	66.5     	66.5     	65.3     	58.7     	55.7     	59.7     	55.7     	50.9     	51.1     	52.9     	51.5     	53.7     	50.1     	48.2     	46.1     	44.4     	40.9     	39.4     	39.5     	39.8     	40.4     	41.6     	42.4     	43.4     	44.7     	45.9     
	2026-03-03  	11:35:44  	00:02:58  	         	84.8     	88.2     	87.1     	93.3     	97.7     	90.3     	83.8     	78.2     	74.3     	74.8     	69.6     	67.4     	63.6     	57.1     	56.0     	57.7     	56.3     	50.3     	51.3     	52.6     	52.5     	54.3     	50.5     	48.2     	46.3     	44.7     	41.0     	39.2     	39.2     	39.7     	40.4     	41.6     	42.5     	43.4     	44.7     	46.1     
	2026-03-03  	11:35:45  	00:02:59  	         	81.0     	78.0     	81.6     	96.6     	101.6    	90.6     	84.6     	79.3     	76.1     	78.9     	67.8     	66.9     	64.7     	59.6     	58.2     	59.4     	56.9     	51.4     	51.0     	52.1     	52.8     	53.7     	50.7     	49.1     	47.6     	45.0     	40.9     	39.5     	39.5     	40.0     	40.5     	41.5     	42.5     	43.6     	44.8     	45.9     
	2026-03-03  	11:35:46  	00:03:00  	         	79.5     	81.4     	79.8     	98.1     	100.4    	90.9     	86.6     	81.5     	79.7     	80.5     	70.5     	67.4     	64.7     	58.8     	57.4     	58.8     	56.2     	51.7     	53.2     	53.4     	52.3     	53.3     	51.7     	49.3     	48.5     	46.3     	41.7     	40.3     	40.1     	40.7     	41.2     	41.5     	42.4     	43.4     	44.7     	46.0     
	2026-03-03  	11:35:47  	00:03:01  	         	87.0     	86.3     	85.9     	97.6     	100.4    	89.3     	87.9     	84.2     	80.3     	79.7     	71.3     	69.2     	63.7     	58.9     	58.3     	58.0     	55.9     	51.8     	51.4     	51.6     	52.3     	53.9     	49.3     	49.4     	48.6     	45.5     	41.6     	40.1     	39.9     	40.4     	41.1     	41.7     	42.6     	43.5     	44.6     	45.9     
	2026-03-03  	11:35:48  	00:03:02  	         	81.9     	81.8     	85.2     	95.2     	97.9     	89.1     	85.6     	83.9     	83.3     	81.5     	67.7     	67.0     	61.6     	59.0     	57.9     	57.8     	54.0     	51.2     	51.9     	50.2     	50.1     	52.5     	49.1     	48.8     	46.7     	44.5     	40.9     	39.6     	40.8     	41.4     	41.1     	41.6     	42.5     	43.6     	44.7     	46.0     
	2026-03-03  	11:35:49  	00:03:03  	         	77.9     	76.2     	86.5     	95.2     	97.7     	86.9     	85.1     	77.1     	76.5     	80.2     	69.5     	68.3     	62.3     	59.7     	55.3     	57.0     	53.1     	51.3     	51.0     	49.7     	50.7     	51.6     	47.6     	47.8     	45.9     	43.3     	40.5     	38.9     	39.2     	39.8     	40.7     	41.4     	42.4     	43.4     	44.9     	46.0     
	2026-03-03  	11:35:50  	00:03:04  	         	77.9     	80.2     	85.7     	90.6     	94.0     	84.0     	82.5     	76.6     	74.4     	78.8     	66.7     	64.2     	62.8     	58.2     	56.6     	58.1     	53.8     	50.8     	49.9     	49.0     	50.3     	50.8     	47.2     	48.7     	44.4     	42.3     	40.0     	38.5     	39.3     	39.9     	40.5     	41.5     	42.6     	43.5     	44.8     	45.9     
	2026-03-03  	11:35:51  	00:03:05  	         	76.4     	80.3     	77.8     	95.8     	94.1     	89.6     	79.9     	77.6     	74.9     	75.3     	67.7     	62.5     	62.3     	59.1     	54.9     	57.4     	53.4     	51.2     	48.4     	49.3     	49.1     	50.2     	46.0     	47.3     	43.8     	42.2     	39.5     	38.4     	39.2     	39.8     	40.5     	41.5     	42.3     	43.3     	44.8     	46.0     
	2026-03-03  	11:35:52  	00:03:06  	         	77.4     	76.7     	83.4     	93.0     	90.7     	90.6     	80.7     	77.1     	71.9     	72.4     	69.6     	63.8     	63.6     	58.7     	56.7     	57.8     	54.3     	50.6     	48.0     	49.3     	49.2     	49.5     	45.6     	45.9     	43.4     	43.5     	40.5     	39.1     	39.9     	40.0     	40.8     	41.5     	42.4     	43.6     	44.7     	45.9     
	2026-03-03  	11:35:53  	00:03:07  	         	75.0     	71.7     	85.6     	90.6     	89.9     	88.1     	77.7     	74.9     	72.7     	72.0     	66.6     	63.7     	63.6     	59.0     	55.6     	58.1     	55.4     	49.2     	48.0     	50.4     	48.7     	48.3     	46.3     	44.7     	42.8     	43.5     	39.7     	39.4     	39.8     	39.9     	41.0     	41.6     	42.5     	43.7     	44.9     	46.0     
	2026-03-03  	11:35:54  	00:03:08  	         	76.3     	72.4     	86.4     	92.3     	94.7     	85.0     	82.3     	73.3     	69.6     	67.7     	64.8     	63.5     	64.4     	59.0     	55.6     	57.3     	55.7     	49.4     	47.3     	50.0     	48.5     	48.1     	46.5     	44.1     	41.9     	41.9     	39.2     	38.7     	39.0     	39.7     	40.4     	41.4     	42.4     	43.5     	44.7     	45.9     
	2026-03-03  	11:35:55  	00:03:09  	         	76.1     	73.4     	80.2     	88.7     	90.0     	88.7     	77.9     	73.4     	69.8     	71.5     	67.2     	62.4     	64.2     	59.6     	55.5     	58.0     	55.7     	48.4     	48.3     	49.0     	48.1     	48.7     	44.9     	44.0     	42.5     	41.9     	39.3     	38.7     	39.5     	39.6     	40.4     	41.4     	42.3     	43.4     	44.7     	46.0     
	2026-03-03  	11:35:56  	00:03:10  	         	70.0     	72.5     	74.9     	85.1     	88.4     	90.3     	78.4     	72.4     	72.2     	70.1     	66.4     	63.4     	63.7     	58.4     	55.2     	59.3     	56.2     	48.0     	47.7     	49.3     	48.0     	48.0     	42.8     	43.6     	42.3     	41.6     	38.8     	38.4     	39.3     	39.7     	40.3     	41.4     	42.4     	43.5     	44.7     	46.1     
	2026-03-03  	11:35:57  	00:03:11  	         	67.4     	68.0     	77.9     	89.4     	90.3     	88.3     	75.8     	71.6     	70.5     	71.3     	68.4     	63.2     	65.4     	59.3     	57.5     	61.0     	53.9     	48.5     	46.5     	48.2     	47.2     	47.1     	42.0     	43.9     	42.2     	41.7     	38.9     	38.6     	39.0     	39.7     	40.6     	41.1     	42.4     	43.5     	44.9     	46.0     
	2026-03-03  	11:35:58  	00:03:12  	         	72.6     	69.7     	79.7     	88.8     	89.4     	82.2     	79.0     	71.4     	69.1     	69.5     	67.3     	61.5     	63.9     	60.2     	57.7     	58.4     	52.6     	48.4     	47.7     	48.3     	48.7     	48.2     	42.7     	43.8     	42.2     	41.6     	39.1     	38.7     	39.2     	39.5     	40.5     	41.5     	42.4     	43.5     	44.7     	46.0     
	2026-03-03  	11:35:59  	00:03:13  	         	70.9     	72.1     	82.0     	89.2     	90.1     	82.0     	74.0     	67.6     	68.9     	69.6     	65.6     	62.6     	64.4     	58.0     	56.3     	56.9     	53.2     	47.8     	47.3     	48.6     	49.9     	46.3     	41.5     	43.5     	41.9     	41.2     	39.0     	38.9     	39.5     	39.8     	40.4     	41.7     	42.3     	43.4     	44.8     	46.1     
	2026-03-03  	11:36:00  	00:03:14  	         	64.8     	65.3     	74.5     	79.9     	79.6     	76.1     	71.4     	68.4     	69.7     	73.1     	63.5     	63.6     	63.0     	58.9     	56.3     	57.9     	52.8     	48.0     	47.3     	50.2     	47.1     	45.8     	41.6     	43.3     	42.2     	41.7     	39.3     	38.5     	39.3     	39.9     	40.3     	41.5     	42.5     	43.5     	44.7     	46.0     
	2026-03-03  	11:36:01  	00:03:15  	         	67.7     	65.2     	73.0     	75.0     	78.2     	76.1     	68.6     	65.6     	67.4     	73.0     	63.0     	60.7     	63.0     	58.1     	55.7     	56.8     	52.4     	49.6     	47.2     	48.4     	46.5     	45.8     	41.9     	42.7     	42.6     	42.2     	39.2     	38.7     	39.4     	39.9     	40.7     	41.6     	42.4     	43.7     	44.7     	46.0     
	2026-03-03  	11:36:02  	00:03:16  	         	65.1     	67.5     	72.0     	72.8     	75.3     	76.7     	66.9     	63.5     	67.7     	70.2     	64.7     	61.5     	63.0     	55.2     	55.3     	58.8     	53.0     	50.0     	52.0     	48.7     	46.4     	46.5     	41.8     	43.2     	42.2     	41.2     	39.3     	38.6     	39.5     	39.9     	40.6     	41.5     	42.6     	43.6     	44.7     	45.9     
	2026-03-03  	11:36:03  	00:03:17  	         	56.2     	68.4     	70.8     	70.9     	72.5     	72.6     	69.2     	64.9     	67.6     	73.2     	64.6     	65.1     	62.7     	59.2     	54.5     	56.9     	52.6     	48.3     	47.4     	49.5     	46.0     	46.5     	42.1     	43.0     	42.9     	42.0     	39.0     	38.6     	39.0     	39.6     	40.3     	41.5     	42.3     	43.5     	44.6     	46.0     
	2026-03-03  	11:36:04  	00:03:18  	         	68.6     	76.4     	70.6     	87.9     	85.3     	76.2     	73.9     	67.7     	68.2     	71.1     	62.3     	62.0     	65.2     	59.2     	53.7     	57.7     	52.7     	47.6     	47.0     	47.9     	46.0     	47.0     	41.7     	43.2     	42.0     	42.1     	38.6     	38.8     	39.2     	39.7     	40.4     	41.3     	42.3     	43.3     	44.7     	46.0     
	2026-03-03  	11:36:05  	00:03:19  	         	68.8     	69.2     	71.5     	77.3     	78.0     	76.4     	74.8     	68.5     	67.4     	68.7     	66.0     	69.4     	70.1     	64.4     	60.6     	64.4     	62.4     	60.3     	61.5     	59.8     	56.8     	53.8     	51.6     	50.2     	49.5     	48.4     	45.2     	49.2     	51.0     	53.4     	50.5     	46.5     	44.8     	44.7     	45.0     	46.1     
	2026-03-03  	11:36:06  	00:03:20  	         	79.3     	77.7     	71.4     	80.1     	81.8     	82.7     	78.3     	76.1     	70.1     	70.8     	66.3     	66.8     	66.9     	60.0     	56.4     	58.7     	55.0     	51.4     	50.9     	51.1     	51.2     	50.9     	47.6     	46.5     	45.8     	46.8     	46.1     	45.4     	42.3     	43.1     	42.2     	42.8     	44.9     	44.3     	45.2     	46.0     
	2026-03-03  	11:36:07  	00:03:21  	         	70.1     	61.9     	70.0     	68.5     	76.0     	70.2     	70.1     	70.6     	73.3     	73.1     	68.6     	67.3     	66.5     	60.0     	60.2     	59.0     	61.3     	58.3     	56.8     	56.8     	57.3     	56.9     	52.8     	51.2     	48.8     	47.5     	45.9     	46.5     	43.1     	43.4     	42.3     	42.3     	44.1     	43.8     	44.9     	46.0     
	2026-03-03  	11:36:08  	00:03:22  	         	66.5     	68.8     	71.3     	75.7     	78.8     	76.5     	74.8     	84.8     	80.2     	80.6     	70.3     	67.9     	65.5     	61.0     	59.0     	59.3     	59.5     	54.8     	53.6     	52.3     	52.3     	52.5     	50.8     	47.7     	47.1     	47.2     	45.8     	46.4     	42.8     	41.7     	41.1     	41.7     	42.5     	43.5     	44.8     	46.1     
	2026-03-03  	11:36:09  	00:03:23  	         	64.0     	62.9     	60.7     	65.6     	71.7     	74.8     	73.7     	75.1     	72.2     	75.0     	70.2     	76.9     	75.5     	67.9     	64.8     	66.3     	64.9     	61.7     	64.2     	63.6     	61.8     	59.4     	54.7     	52.0     	50.1     	49.3     	48.2     	51.3     	50.4     	51.4     	48.6     	45.3     	44.7     	44.0     	44.9     	46.0     
	2026-03-03  	11:36:10  	00:03:24  	         	66.5     	62.7     	64.9     	71.2     	78.3     	76.3     	74.2     	79.2     	75.2     	73.1     	71.2     	69.3     	68.2     	63.1     	59.7     	60.1     	59.4     	57.2     	61.1     	60.0     	58.0     	55.1     	52.3     	49.9     	48.1     	48.2     	46.3     	48.8     	48.7     	48.5     	46.6     	44.5     	44.7     	44.0     	46.2     	46.0     
	2026-03-03  	11:36:11  	00:03:25  	         	72.1     	75.8     	79.9     	82.4     	90.3     	89.1     	85.7     	85.4     	80.1     	82.7     	72.2     	72.0     	72.8     	67.9     	64.4     	63.8     	63.5     	60.4     	65.1     	59.9     	60.0     	57.4     	54.7     	52.0     	51.8     	49.8     	44.5     	44.5     	42.5     	42.4     	41.7     	41.9     	42.9     	43.7     	44.9     	46.0     
	2026-03-03  	11:36:12  	00:03:26  	         	74.3     	73.3     	78.1     	86.9     	87.1     	82.9     	80.2     	67.9     	70.7     	75.0     	65.7     	63.3     	64.2     	59.7     	55.3     	56.6     	55.2     	49.0     	47.7     	49.1     	45.4     	47.8     	51.2     	43.6     	44.2     	46.4     	39.3     	41.1     	39.5     	40.0     	40.5     	41.4     	42.3     	43.4     	44.7     	45.9     
	2026-03-03  	11:36:13  	00:03:27  	         	62.0     	61.2     	62.7     	74.1     	74.3     	69.5     	70.2     	61.2     	69.7     	65.6     	61.8     	61.1     	65.4     	59.5     	55.1     	58.1     	53.9     	48.2     	47.1     	49.2     	46.9     	47.9     	43.0     	45.6     	45.8     	46.2     	42.9     	42.7     	41.3     	41.7     	44.2     	43.2     	42.8     	43.6     	44.8     	46.0     
	2026-03-03  	11:36:14  	00:03:28  	         	58.2     	61.3     	64.2     	72.9     	71.8     	70.2     	67.0     	60.1     	73.1     	64.4     	61.9     	62.4     	66.7     	59.1     	54.9     	58.2     	54.5     	47.8     	49.2     	50.6     	47.8     	48.3     	43.4     	44.2     	44.9     	45.4     	40.9     	39.9     	40.8     	40.4     	40.9     	41.6     	42.6     	43.5     	44.8     	46.0     
	2026-03-03  	11:36:15  	00:03:29  	         	54.5     	59.3     	64.8     	70.1     	64.7     	68.5     	64.0     	59.8     	70.9     	66.8     	62.8     	63.7     	65.5     	60.0     	55.6     	57.9     	53.2     	48.0     	47.0     	48.8     	46.8     	47.3     	42.4     	43.4     	44.2     	44.7     	39.1     	39.1     	39.4     	40.2     	40.5     	41.6     	42.4     	43.4     	44.8     	46.0     
	2026-03-03  	11:36:16  	00:03:30  	         	52.4     	63.1     	66.5     	73.5     	72.9     	71.4     	64.8     	61.0     	70.9     	75.9     	65.7     	61.5     	65.3     	59.8     	57.2     	56.7     	53.1     	48.3     	47.0     	48.9     	47.9     	46.6     	41.8     	43.9     	44.0     	44.3     	38.7     	39.0     	39.4     	39.9     	40.7     	41.6     	42.4     	43.6     	44.8     	46.0     
	2026-03-03  	11:36:17  	00:03:31  	         	55.2     	57.6     	70.8     	77.6     	76.5     	76.5     	66.4     	62.2     	63.1     	67.7     	64.0     	62.0     	64.5     	60.2     	56.0     	56.8     	53.9     	48.2     	48.9     	48.9     	47.5     	44.9     	41.6     	45.1     	44.3     	44.4     	38.8     	38.6     	39.1     	39.7     	40.3     	41.5     	42.5     	43.5     	44.6     	45.9     
	2026-03-03  	11:36:18  	00:03:32  	         	57.1     	69.2     	72.3     	81.5     	82.7     	75.3     	69.9     	64.8     	65.2     	65.2     	64.3     	63.3     	63.9     	60.3     	57.8     	59.0     	53.4     	48.0     	47.2     	49.4     	46.2     	45.1     	42.3     	44.7     	43.8     	43.6     	39.0     	38.9     	39.6     	39.9     	40.7     	41.6     	42.4     	43.4     	44.8     	46.0     
	2026-03-03  	11:36:19  	00:03:33  	         	60.3     	71.5     	81.0     	83.6     	83.3     	77.9     	73.6     	67.1     	69.6     	70.9     	64.2     	59.9     	65.2     	60.5     	57.2     	58.3     	53.7     	48.7     	46.8     	48.0     	47.2     	45.4     	41.8     	44.6     	43.3     	43.0     	38.7     	38.6     	39.2     	39.8     	40.4     	41.6     	42.4     	43.4     	44.8     	45.9     
	2026-03-03  	11:36:20  	00:03:34  	         	67.0     	70.4     	80.3     	83.4     	85.9     	83.3     	70.1     	68.1     	69.4     	70.4     	66.0     	63.6     	65.3     	58.2     	56.7     	58.5     	52.3     	48.2     	47.1     	48.8     	46.8     	45.3     	41.6     	45.1     	43.7     	42.8     	38.8     	38.7     	39.4     	39.9     	40.7     	41.3     	42.4     	43.3     	44.8     	46.1     
	2026-03-03  	11:36:21  	00:03:35  	         	70.0     	68.1     	80.6     	78.9     	80.1     	82.9     	72.8     	64.0     	66.8     	69.3     	64.2     	64.6     	65.7     	60.3     	56.6     	59.2     	53.8     	47.9     	47.6     	49.0     	47.5     	46.3     	42.0     	45.0     	43.6     	43.1     	39.0     	38.5     	39.1     	39.7     	40.5     	41.4     	42.4     	43.5     	44.8     	46.0     
	2026-03-03  	11:36:22  	00:03:36  	         	60.7     	70.9     	77.0     	85.3     	80.3     	79.2     	71.9     	67.2     	65.5     	67.2     	64.4     	61.3     	66.1     	58.8     	56.4     	59.7     	53.3     	48.1     	49.9     	48.7     	47.4     	45.0     	41.3     	44.3     	42.9     	43.1     	39.5     	38.8     	39.4     	39.9     	40.6     	41.6     	42.4     	43.5     	44.8     	45.9     
	2026-03-03  	11:36:23  	00:03:37  	         	62.6     	71.2     	79.6     	77.6     	75.7     	74.6     	71.8     	63.3     	65.8     	66.0     	63.0     	62.2     	64.9     	58.5     	54.6     	56.6     	54.0     	49.4     	48.3     	50.0     	47.4     	43.8     	42.6     	45.8     	43.6     	43.2     	40.2     	39.4     	40.0     	40.2     	40.7     	41.5     	42.4     	43.4     	44.8     	46.0     
	2026-03-03  	11:36:24  	00:03:38  	         	55.3     	67.8     	66.4     	74.4     	74.3     	72.6     	70.9     	63.1     	64.8     	68.2     	62.0     	64.0     	64.4     	59.0     	53.6     	56.2     	52.3     	49.5     	46.4     	48.0     	47.5     	43.5     	41.5     	46.1     	43.9     	43.4     	40.1     	39.4     	40.0     	40.3     	40.8     	41.8     	42.5     	43.5     	44.7     	46.0     
	2026-03-03  	11:36:25  	00:03:39  	         	59.8     	64.5     	70.6     	77.8     	83.9     	75.1     	71.3     	63.4     	64.6     	69.2     	64.4     	63.2     	64.6     	60.2     	56.3     	57.9     	53.0     	49.0     	46.9     	47.9     	48.2     	43.4     	42.4     	45.7     	42.5     	42.5     	40.1     	39.9     	40.2     	40.3     	40.8     	41.8     	42.5     	43.5     	44.8     	46.1     
	2026-03-03  	11:36:26  	00:03:40  	         	59.0     	65.0     	68.5     	79.1     	82.4     	71.2     	75.2     	67.1     	66.2     	67.9     	63.0     	62.3     	65.8     	61.9     	58.6     	58.1     	53.0     	49.5     	46.5     	49.7     	48.4     	43.2     	42.3     	44.8     	42.8     	42.2     	39.8     	40.2     	40.3     	40.3     	41.0     	41.6     	42.5     	43.4     	44.8     	46.0     
	2026-03-03  	11:36:27  	00:03:41  	         	65.2     	73.8     	74.5     	86.4     	88.0     	78.3     	79.5     	68.8     	67.8     	68.6     	63.0     	62.7     	65.3     	60.5     	60.5     	59.9     	52.7     	50.3     	47.0     	48.8     	48.9     	45.4     	43.6     	45.5     	42.5     	42.8     	39.8     	39.5     	39.8     	39.9     	40.5     	41.5     	42.5     	43.5     	44.8     	45.9     
	2026-03-03  	11:36:28  	00:03:42  	         	60.4     	69.4     	74.6     	81.4     	86.7     	80.5     	74.2     	69.0     	67.1     	67.7     	63.9     	62.5     	65.6     	59.1     	58.8     	61.0     	53.9     	49.5     	47.8     	48.7     	48.2     	47.6     	42.8     	44.9     	42.3     	42.9     	38.7     	39.3     	39.5     	39.9     	40.6     	41.6     	42.5     	43.7     	44.9     	46.0     
	2026-03-03  	11:36:29  	00:03:43  	         	66.5     	63.9     	76.8     	85.0     	90.4     	81.4     	81.9     	69.2     	72.7     	72.7     	64.8     	64.7     	66.2     	59.0     	54.2     	59.3     	55.0     	51.4     	48.9     	50.9     	49.8     	48.8     	44.6     	45.6     	43.5     	42.4     	39.3     	38.8     	39.6     	39.8     	40.6     	41.4     	42.4     	43.5     	44.8     	46.1     
	2026-03-03  	11:36:30  	00:03:44  	         	65.7     	67.1     	74.8     	85.1     	90.5     	80.6     	75.4     	70.1     	69.8     	74.1     	62.5     	63.2     	63.4     	59.9     	55.5     	57.0     	55.1     	50.0     	46.9     	49.1     	49.3     	47.2     	46.3     	46.0     	42.8     	43.0     	39.4     	39.2     	39.2     	40.0     	40.5     	41.5     	42.3     	43.5     	44.8     	46.0     
	2026-03-03  	11:36:31  	00:03:45  	         	67.2     	73.9     	87.4     	93.8     	98.4     	94.0     	88.4     	85.1     	79.0     	82.3     	70.0     	67.8     	63.8     	59.9     	55.5     	58.4     	56.7     	52.5     	49.1     	50.9     	50.2     	48.2     	49.7     	47.6     	44.1     	44.2     	41.0     	40.8     	40.8     	40.7     	41.1     	41.8     	42.6     	43.6     	44.9     	45.9     
	2026-03-03  	11:36:32  	00:03:46  	         	71.8     	75.3     	94.9     	102.2    	103.7    	99.1     	85.7     	85.6     	81.2     	82.5     	71.4     	70.5     	64.2     	59.6     	59.8     	64.0     	61.1     	61.0     	70.2     	62.4     	62.4     	62.2     	65.3     	63.6     	59.9     	56.2     	56.0     	52.1     	43.5     	42.8     	42.6     	42.7     	42.8     	43.7     	44.8     	46.0     
	2026-03-03  	11:36:33  	00:03:47  	         	74.9     	85.6     	91.7     	102.2    	103.8    	92.9     	83.7     	81.9     	81.2     	82.0     	70.5     	68.0     	65.6     	59.2     	57.6     	60.1     	60.2     	58.5     	65.5     	67.8     	63.0     	60.2     	62.7     	60.3     	56.8     	54.0     	57.6     	52.1     	43.5     	42.1     	42.2     	42.5     	42.6     	43.6     	44.7     	46.1     
	2026-03-03  	11:36:34  	00:03:48  	         	72.4     	81.9     	89.8     	101.0    	101.5    	89.1     	81.7     	78.1     	75.2     	76.4     	66.1     	64.7     	63.9     	58.3     	55.5     	60.6     	56.1     	53.0     	56.5     	55.8     	58.4     	59.2     	67.0     	62.3     	54.7     	53.6     	52.2     	50.2     	41.0     	40.6     	41.7     	41.5     	42.4     	43.5     	44.7     	46.0     
	2026-03-03  	11:36:35  	00:03:49  	         	73.5     	74.8     	87.7     	95.4     	96.4     	94.4     	83.5     	76.6     	76.5     	72.6     	69.0     	65.9     	65.0     	61.2     	55.8     	57.9     	55.8     	51.4     	49.5     	50.8     	49.5     	50.3     	46.7     	45.9     	43.6     	41.8     	39.6     	39.1     	39.7     	40.0     	40.7     	41.4     	42.5     	43.5     	44.6     	46.0     
	2026-03-03  	11:36:36  	00:03:50  	         	77.8     	75.4     	93.6     	100.0    	99.4     	92.2     	90.7     	83.3     	78.2     	75.4     	72.2     	68.2     	65.4     	61.1     	57.7     	59.1     	56.3     	50.5     	50.1     	50.5     	50.7     	49.5     	46.7     	46.4     	46.2     	44.1     	41.4     	41.4     	40.7     	40.9     	41.3     	42.0     	42.8     	43.7     	44.8     	46.0     
	2026-03-03  	11:36:37  	00:03:51  	         	77.6     	77.2     	94.1     	97.0     	98.4     	92.8     	86.5     	81.4     	76.9     	78.9     	71.4     	70.0     	66.4     	61.8     	57.3     	57.2     	55.7     	50.7     	48.6     	50.3     	49.1     	48.5     	47.0     	44.6     	43.8     	42.5     	39.5     	39.6     	39.8     	40.2     	40.9     	41.5     	42.5     	43.7     	44.8     	46.0     
	2026-03-03  	11:36:38  	00:03:52  	         	74.9     	78.9     	88.7     	97.1     	101.8    	96.5     	89.9     	86.5     	80.1     	80.0     	75.0     	73.3     	68.6     	62.2     	57.4     	60.2     	56.9     	50.9     	48.6     	49.5     	48.6     	47.3     	45.6     	44.8     	43.7     	42.7     	40.1     	40.2     	40.4     	40.9     	41.4     	42.0     	42.7     	43.6     	44.8     	46.0     
	2026-03-03  	11:36:39  	00:03:53  	         	78.6     	85.7     	91.8     	104.1    	103.7    	95.3     	89.1     	82.9     	82.6     	84.2     	74.2     	74.0     	69.2     	63.1     	60.0     	61.8     	57.2     	51.5     	49.6     	49.4     	49.2     	49.6     	45.4     	45.6     	44.7     	42.8     	41.2     	40.7     	40.8     	40.6     	41.1     	41.7     	42.5     	43.6     	44.8     	46.0     
	2026-03-03  	11:36:40  	00:03:54  	         	78.8     	89.4     	93.6     	98.0     	99.8     	90.4     	84.8     	81.5     	77.4     	78.0     	69.0     	70.8     	66.5     	59.7     	58.3     	61.9     	54.9     	51.1     	47.9     	49.2     	49.1     	48.0     	43.7     	44.7     	44.1     	42.3     	41.1     	40.9     	40.3     	40.9     	41.1     	41.9     	42.6     	43.7     	44.8     	46.0     
	2026-03-03  	11:36:41  	00:03:55  	         	76.8     	82.2     	91.3     	99.0     	97.7     	94.3     	89.0     	82.6     	78.6     	75.8     	72.2     	69.0     	68.0     	60.0     	55.7     	58.1     	54.8     	49.9     	47.8     	49.3     	48.8     	44.7     	42.1     	45.2     	43.7     	42.3     	39.9     	40.2     	39.8     	40.4     	40.9     	41.7     	42.4     	43.4     	44.6     	46.0     
	2026-03-03  	11:36:42  	00:03:56  	         	88.9     	85.9     	93.9     	98.2     	107.5    	97.5     	88.3     	89.3     	84.2     	85.8     	77.6     	71.6     	69.9     	62.8     	59.7     	61.8     	58.2     	52.8     	51.1     	50.3     	49.8     	46.6     	43.9     	46.0     	47.8     	46.5     	42.2     	42.4     	42.3     	41.9     	42.0     	42.2     	42.6     	43.6     	44.9     	46.1     
	2026-03-03  	11:36:43  	00:03:57  	         	86.1     	86.2     	91.9     	99.8     	103.9    	96.4     	91.4     	85.3     	80.9     	78.2     	75.2     	71.6     	67.8     	61.9     	59.6     	59.8     	56.6     	53.5     	50.7     	51.0     	50.9     	49.1     	46.0     	47.0     	45.6     	45.4     	42.6     	42.5     	42.3     	42.0     	41.6     	42.6     	42.8     	43.7     	44.8     	46.0     
	2026-03-03  	11:36:44  	00:03:58  	         	80.0     	79.6     	88.1     	97.2     	100.0    	94.0     	90.1     	85.7     	77.1     	75.8     	68.4     	66.0     	66.6     	58.6     	56.2     	57.9     	53.4     	49.3     	47.2     	49.2     	47.4     	44.6     	41.8     	45.0     	43.5     	43.0     	39.1     	39.1     	39.8     	40.2     	40.7     	41.7     	42.6     	43.5     	44.8     	46.1     
	2026-03-03  	11:36:45  	00:03:59  	         	66.5     	74.9     	78.1     	83.5     	89.1     	80.3     	73.0     	68.1     	72.3     	74.1     	65.6     	64.4     	63.7     	57.3     	56.1     	57.2     	52.3     	48.9     	45.9     	47.8     	46.9     	44.5     	42.6     	44.6     	42.7     	42.9     	38.8     	38.3     	39.2     	39.6     	40.4     	41.7     	42.4     	43.5     	44.8     	45.9     
	2026-03-03  	11:36:46  	00:04:00  	         	68.5     	74.2     	78.9     	83.4     	80.4     	80.9     	75.8     	69.9     	71.8     	73.2     	65.3     	63.4     	64.3     	59.2     	54.8     	57.1     	51.9     	48.8     	46.2     	48.2     	47.4     	43.7     	41.0     	44.1     	42.8     	42.5     	38.8     	38.9     	39.1     	40.2     	40.9     	41.7     	42.4     	43.4     	44.7     	46.1     
	2026-03-03  	11:36:47  	00:04:01  	         	67.5     	65.1     	68.0     	77.2     	82.7     	77.4     	71.6     	64.6     	67.1     	69.0     	65.1     	58.4     	59.1     	50.5     	50.5     	54.6     	51.9     	48.8     	46.1     	46.0     	44.2     	43.4     	40.7     	44.1     	42.7     	42.8     	38.7     	38.9     	39.2     	40.3     	40.6     	41.4     	42.5     	43.5     	44.7     	45.9     
	2026-03-03  	11:36:48  	00:04:02  	         	88.7     	85.4     	77.4     	82.3     	84.6     	79.2     	77.9     	73.8     	73.7     	69.2     	68.9     	69.6     	69.7     	63.6     	61.6     	66.7     	61.7     	61.9     	63.8     	61.4     	58.4     	55.7     	53.9     	50.3     	51.2     	49.3     	46.8     	49.6     	50.9     	54.0     	51.1     	46.6     	45.6     	44.8     	45.3     	46.0     
	2026-03-03  	11:36:49  	00:04:03  	         	80.7     	73.8     	71.5     	71.9     	77.1     	72.9     	74.3     	74.0     	70.3     	69.5     	69.5     	61.9     	61.0     	57.4     	54.8     	54.7     	54.7     	52.2     	52.7     	52.3     	51.3     	53.3     	48.9     	45.5     	45.6     	44.3     	44.5     	44.7     	42.8     	43.8     	42.8     	43.2     	44.9     	44.4     	45.2     	46.1     
	2026-03-03  	11:36:50  	00:04:04  	         	66.4     	67.3     	70.3     	76.9     	81.2     	80.5     	76.6     	86.8     	80.1     	76.2     	69.2     	68.6     	65.2     	62.3     	56.9     	58.9     	62.2     	60.1     	59.6     	57.6     	59.7     	58.8     	55.9     	51.8     	45.2     	44.1     	41.4     	44.6     	41.5     	41.2     	41.2     	41.7     	42.5     	43.6     	44.7     	46.0     
	2026-03-03  	11:36:51  	00:04:05  	         	63.9     	64.7     	66.8     	68.1     	76.0     	76.3     	73.0     	76.9     	68.2     	66.5     	67.9     	72.8     	73.4     	65.2     	62.9     	64.1     	62.1     	61.0     	60.8     	60.9     	58.8     	57.2     	53.0     	49.3     	45.9     	46.8     	43.7     	50.0     	50.5     	49.4     	46.9     	44.3     	44.2     	43.9     	44.9     	46.0     
	2026-03-03  	11:36:52  	00:04:06  	         	66.1     	58.0     	63.8     	67.7     	79.8     	76.6     	74.3     	77.9     	74.3     	72.3     	70.0     	70.0     	70.0     	63.3     	60.6     	60.1     	60.5     	57.9     	62.7     	60.4     	58.1     	56.1     	51.8     	47.2     	46.2     	45.4     	44.6     	47.2     	45.8     	45.3     	43.5     	43.4     	45.2     	44.1     	45.0     	46.1     
	2026-03-03  	11:36:53  	00:04:07  	         	68.0     	71.1     	79.8     	78.4     	90.2     	90.1     	85.5     	84.3     	79.4     	82.3     	74.5     	72.5     	67.5     	68.1     	63.4     	65.6     	62.0     	63.7     	65.6     	62.0     	58.3     	58.4     	57.2     	53.7     	52.4     	50.8     	47.0     	46.8     	43.2     	42.7     	41.5     	42.0     	42.9     	43.7     	45.0     	45.8     
	2026-03-03  	11:36:54  	00:04:08  	         	82.0     	83.7     	80.5     	78.0     	88.8     	88.9     	84.2     	78.3     	69.1     	65.9     	63.3     	59.2     	53.1     	49.5     	49.0     	53.6     	51.3     	46.6     	47.6     	45.3     	44.7     	46.9     	53.9     	43.0     	40.0     	41.6     	39.5     	43.0     	40.0     	40.1     	40.7     	41.5     	42.6     	43.5     	44.7     	45.9     
	2026-03-03  	11:36:55  	00:04:09  	         	67.9     	64.9     	64.8     	74.4     	78.4     	73.5     	65.0     	59.9     	62.8     	65.2     	64.0     	59.0     	62.9     	52.8     	52.5     	53.1     	52.5     	47.4     	50.9     	50.8     	44.6     	47.0     	42.2     	43.0     	41.2     	41.2     	39.9     	39.1     	39.7     	39.9     	40.4     	41.5     	42.5     	43.5     	44.9     	46.1     
	2026-03-03  	11:36:56  	00:04:10  	         	65.7     	63.6     	62.6     	70.1     	72.9     	65.5     	64.6     	63.0     	62.2     	63.5     	65.1     	59.2     	62.1     	51.9     	47.1     	51.5     	51.9     	45.7     	47.1     	45.5     	43.2     	46.6     	41.1     	43.5     	41.5     	41.2     	39.8     	39.8     	40.1     	40.6     	40.9     	41.7     	42.5     	43.5     	44.7     	46.0     
	2026-03-03  	11:36:57  	00:04:11  	         	58.8     	57.1     	69.5     	73.6     	76.9     	72.9     	68.4     	64.5     	71.6     	76.0     	66.9     	59.7     	56.6     	51.8     	53.0     	51.8     	51.7     	47.6     	47.1     	47.2     	44.5     	46.9     	41.4     	44.1     	41.8     	41.1     	39.0     	38.7     	39.0     	39.9     	40.5     	41.5     	42.4     	43.5     	44.8     	46.0     
	2026-03-03  	11:36:58  	00:04:12  	         	67.6     	71.1     	80.5     	85.0     	87.9     	78.2     	71.7     	68.1     	70.4     	69.9     	67.1     	59.6     	59.0     	51.9     	49.6     	52.5     	52.6     	47.4     	47.6     	45.3     	42.9     	45.2     	41.1     	44.2     	42.0     	41.4     	39.1     	38.9     	39.5     	40.0     	40.7     	41.7     	42.4     	43.5     	44.8     	46.0     
	2026-03-03  	11:36:59  	00:04:13  	         	62.0     	67.9     	73.1     	84.3     	86.3     	82.0     	70.4     	71.5     	70.6     	69.8     	66.8     	61.9     	57.0     	53.3     	51.6     	53.2     	52.5     	46.5     	46.8     	47.6     	43.9     	45.8     	41.5     	44.7     	42.0     	41.5     	39.1     	39.1     	39.5     	40.2     	40.8     	41.7     	42.3     	43.6     	44.7     	45.9     
	2026-03-03  	11:37:00  	00:04:14  	         	61.5     	70.7     	78.4     	83.9     	84.5     	92.8     	81.1     	78.7     	72.2     	72.8     	68.0     	62.0     	58.7     	53.2     	55.6     	55.4     	52.8     	48.3     	47.1     	46.4     	46.7     	46.7     	42.1     	44.4     	42.4     	41.6     	39.5     	39.0     	40.0     	40.5     	41.0     	41.7     	42.6     	43.7     	44.7     	46.1     
	2026-03-03  	11:37:01  	00:04:15  	         	70.9     	74.2     	80.6     	93.1     	96.1     	90.0     	85.0     	77.1     	80.1     	80.1     	69.1     	64.9     	61.4     	56.5     	54.0     	57.9     	53.8     	50.9     	47.9     	48.3     	48.2     	48.5     	44.8     	45.3     	44.4     	42.8     	40.3     	39.7     	39.8     	40.3     	40.9     	41.6     	42.7     	43.6     	44.8     	46.0     
	2026-03-03  	11:37:02  	00:04:16  	         	75.0     	78.1     	91.0     	98.3     	102.1    	92.0     	83.0     	77.5     	72.4     	68.5     	66.7     	63.0     	58.7     	51.2     	49.7     	55.2     	52.3     	48.1     	46.4     	46.4     	45.0     	47.6     	42.9     	43.7     	42.6     	41.4     	39.6     	39.1     	39.2     	39.8     	40.4     	41.6     	42.4     	43.3     	44.7     	46.1     
	2026-03-03  	11:37:03  	00:04:17  	         	71.9     	73.8     	88.5     	92.9     	95.7     	93.0     	80.9     	76.4     	75.8     	76.7     	68.2     	68.1     	61.1     	52.7     	52.0     	55.4     	53.5     	48.0     	47.1     	46.6     	45.8     	49.2     	42.9     	42.5     	42.3     	41.3     	39.1     	39.2     	39.3     	40.1     	40.7     	41.6     	42.5     	43.5     	44.8     	46.0     
	2026-03-03  	11:37:04  	00:04:18  	         	71.7     	81.9     	87.8     	99.1     	96.2     	88.3     	85.3     	78.4     	76.5     	77.2     	67.2     	64.4     	59.6     	53.8     	52.3     	56.7     	54.2     	46.2     	46.7     	47.5     	46.7     	49.3     	44.4     	41.6     	42.2     	40.7     	39.4     	39.4     	39.5     	40.0     	40.7     	41.4     	42.5     	43.4     	44.7     	46.0     
	2026-03-03  	11:37:05  	00:04:19  	         	72.0     	79.2     	89.3     	95.2     	99.6     	83.1     	80.7     	75.2     	70.9     	75.0     	70.1     	61.9     	61.0     	52.6     	49.0     	54.5     	51.6     	46.2     	46.3     	46.9     	46.9     	48.4     	43.0     	41.3     	40.7     	39.9     	39.2     	38.8     	39.2     	39.8     	40.5     	41.4     	42.5     	43.4     	44.7     	46.1     
	2026-03-03  	11:37:06  	00:04:20  	         	73.5     	77.3     	84.9     	98.6     	95.6     	94.0     	86.8     	83.0     	76.2     	78.6     	69.8     	68.0     	65.3     	54.1     	52.9     	57.0     	53.5     	50.6     	48.1     	50.3     	48.2     	48.8     	44.5     	42.6     	42.7     	41.9     	40.5     	40.5     	39.9     	40.2     	40.9     	41.7     	42.4     	43.5     	44.7     	45.9     
	2026-03-03  	11:37:07  	00:04:21  	         	80.7     	91.6     	88.4     	103.6    	103.3    	88.7     	92.3     	89.0     	84.0     	81.0     	77.8     	70.2     	67.6     	59.2     	60.3     	60.0     	58.4     	51.3     	52.4     	52.8     	54.1     	53.0     	47.4     	44.9     	45.0     	46.1     	42.6     	43.4     	42.1     	41.4     	41.7     	42.0     	42.7     	43.6     	44.6     	46.0     
	2026-03-03  	11:37:08  	00:04:22  	         	84.7     	97.2     	92.7     	102.5    	103.6    	98.4     	90.0     	86.4     	82.3     	82.1     	73.1     	69.0     	65.0     	56.5     	53.0     	58.2     	56.2     	49.5     	46.8     	48.4     	47.7     	48.4     	45.6     	43.5     	42.3     	42.3     	39.9     	39.6     	39.4     	39.7     	40.8     	41.5     	42.5     	43.5     	44.6     	46.0     
	2026-03-03  	11:37:09  	00:04:23  	         	79.5     	89.8     	100.7    	103.0    	104.0    	96.4     	96.2     	87.7     	84.4     	82.2     	77.4     	77.2     	68.6     	60.9     	61.0     	61.3     	60.0     	54.4     	53.2     	52.7     	52.3     	52.1     	50.4     	48.3     	52.0     	50.2     	44.1     	45.0     	43.8     	44.3     	42.6     	42.1     	42.8     	43.7     	44.6     	46.1     
	2026-03-03  	11:37:10  	00:04:24  	         	84.8     	91.6     	100.7    	104.6    	103.6    	95.4     	92.8     	87.7     	87.4     	85.7     	75.7     	73.3     	69.8     	62.9     	62.8     	63.0     	60.3     	55.9     	58.7     	58.0     	60.0     	57.0     	50.8     	49.1     	48.2     	50.9     	43.9     	43.4     	43.7     	42.8     	42.6     	42.5     	43.0     	43.8     	44.7     	46.0     
	2026-03-03  	11:37:11  	00:04:25  	         	76.7     	83.4     	97.0     	98.4     	97.1     	97.0     	89.4     	84.3     	80.6     	80.8     	75.3     	70.1     	68.4     	57.6     	56.3     	59.5     	58.4     	52.9     	51.5     	53.1     	52.3     	53.4     	49.2     	49.1     	46.1     	44.9     	43.1     	42.5     	42.3     	42.0     	42.0     	41.8     	42.6     	43.7     	44.9     	46.1     
	2026-03-03  	11:37:12  	00:04:26  	         	84.3     	94.1     	103.2    	102.9    	104.9    	99.0     	96.2     	89.4     	86.3     	82.5     	78.6     	73.9     	72.6     	64.5     	63.7     	66.2     	63.9     	63.1     	68.0     	63.5     	62.9     	63.4     	64.3     	60.4     	59.4     	54.7     	54.1     	50.2     	44.7     	44.3     	44.0     	43.6     	43.3     	44.0     	44.8     	46.0     
	2026-03-03  	11:37:13  	00:04:27  	         	84.1     	98.2     	101.6    	106.4    	106.6    	98.0     	96.5     	90.4     	84.8     	84.1     	76.5     	74.9     	68.7     	60.7     	59.8     	62.6     	62.1     	58.1     	65.5     	67.7     	64.4     	58.5     	56.3     	58.4     	58.7     	55.9     	59.0     	53.5     	45.3     	44.2     	42.7     	42.3     	42.9     	43.5     	44.6     	46.0     
	2026-03-03  	11:37:14  	00:04:28  	         	83.3     	89.7     	93.4     	104.7    	100.3    	92.9     	83.5     	82.0     	77.8     	77.2     	65.8     	64.0     	62.4     	56.1     	54.4     	60.1     	55.2     	60.5     	61.6     	61.9     	65.9     	64.1     	68.0     	68.9     	63.1     	60.5     	58.6     	53.6     	45.7     	43.8     	43.4     	42.4     	42.7     	43.6     	44.8     	46.0     
	2026-03-03  	11:37:15  	00:04:29  	         	85.7     	81.1     	84.5     	91.1     	92.9     	89.9     	81.0     	76.6     	72.8     	72.6     	66.5     	64.6     	60.5     	54.0     	50.7     	55.7     	58.2     	54.6     	57.3     	60.1     	59.5     	61.1     	66.2     	57.8     	54.5     	51.1     	47.4     	47.1     	40.0     	39.7     	40.6     	41.3     	42.6     	43.5     	44.7     	45.9     
	2026-03-03  	11:37:16  	00:04:30  	         	83.2     	81.6     	92.8     	99.9     	98.6     	97.3     	90.7     	84.6     	79.3     	79.7     	73.0     	67.6     	61.7     	56.9     	57.3     	60.0     	58.1     	53.7     	50.9     	49.4     	49.2     	49.7     	46.0     	44.6     	43.8     	43.5     	41.9     	41.0     	40.9     	41.0     	41.4     	41.7     	42.5     	43.7     	44.8     	46.0     
	2026-03-03  	11:37:17  	00:04:31  	         	82.3     	80.8     	91.3     	99.2     	103.2    	88.1     	83.2     	76.4     	74.3     	71.3     	69.1     	62.5     	59.8     	53.3     	53.0     	55.0     	55.2     	47.0     	46.5     	48.4     	47.5     	49.3     	47.4     	43.1     	41.6     	42.3     	39.7     	39.0     	39.3     	39.6     	40.7     	41.4     	42.3     	43.5     	44.7     	45.9     
	2026-03-03  	11:37:18  	00:04:32  	         	74.8     	72.3     	83.6     	94.4     	93.8     	87.5     	79.5     	72.6     	73.4     	73.2     	63.2     	64.1     	56.1     	52.7     	51.0     	57.3     	55.1     	46.4     	47.1     	48.0     	46.4     	49.4     	44.4     	43.1     	43.5     	42.0     	41.0     	40.8     	40.5     	40.4     	41.0     	41.6     	42.5     	43.6     	44.8     	46.1     
	2026-03-03  	11:37:19  	00:04:33  	         	70.9     	78.5     	86.2     	94.5     	92.6     	87.9     	87.5     	81.0     	81.0     	76.0     	74.0     	73.0     	65.4     	53.5     	52.5     	56.6     	54.3     	46.7     	46.8     	47.1     	46.1     	47.0     	42.4     	42.5     	43.6     	43.1     	41.3     	39.8     	40.2     	40.7     	41.0     	41.7     	42.5     	43.5     	44.7     	46.0     
	2026-03-03  	11:37:20  	00:04:34  	         	78.8     	85.7     	91.0     	100.2    	100.9    	98.4     	95.1     	91.5     	85.9     	83.1     	77.1     	76.5     	69.5     	61.0     	61.1     	61.1     	59.2     	52.0     	50.7     	52.2     	51.7     	50.5     	48.8     	48.1     	48.2     	47.6     	44.2     	43.7     	43.4     	42.9     	42.1     	42.4     	42.8     	43.5     	44.7     	45.9     
	2026-03-03  	11:37:21  	00:04:35  	         	80.3     	83.6     	95.1     	101.5    	101.3    	94.6     	89.7     	94.5     	86.3     	83.7     	77.3     	77.2     	67.8     	61.0     	60.6     	61.4     	58.4     	49.8     	50.1     	51.7     	51.0     	52.3     	47.0     	46.0     	45.1     	45.8     	42.3     	41.1     	41.0     	41.4     	41.8     	42.0     	42.7     	43.6     	44.7     	46.0     
	2026-03-03  	11:37:22  	00:04:36  	         	76.9     	83.8     	88.9     	104.7    	103.9    	103.4    	96.5     	89.3     	88.4     	86.6     	79.3     	79.7     	70.0     	63.0     	61.5     	63.6     	60.2     	52.5     	52.6     	52.5     	51.7     	51.7     	49.3     	48.2     	47.6     	47.9     	44.3     	42.4     	41.9     	42.0     	42.0     	42.1     	42.7     	43.6     	44.7     	46.0     
	2026-03-03  	11:37:23  	00:04:37  	         	81.7     	85.5     	96.6     	104.3    	103.2    	98.8     	94.0     	89.0     	89.3     	88.5     	80.5     	80.8     	70.9     	64.8     	63.5     	63.9     	61.6     	54.1     	53.9     	52.7     	51.7     	52.0     	49.2     	47.2     	46.6     	46.8     	44.4     	42.9     	42.8     	41.8     	41.9     	42.2     	42.8     	43.7     	44.9     	46.0     
	2026-03-03  	11:37:24  	00:04:38  	         	82.2     	83.7     	94.3     	106.1    	105.8    	102.0    	93.5     	88.7     	91.2     	88.9     	78.4     	80.6     	71.0     	66.3     	64.4     	64.9     	60.7     	53.9     	54.4     	54.6     	53.2     	53.3     	50.5     	49.7     	49.8     	48.0     	44.9     	43.8     	42.2     	41.8     	42.1     	42.2     	42.7     	43.6     	44.7     	46.0     
	2026-03-03  	11:37:25  	00:04:39  	         	75.8     	87.5     	93.5     	102.0    	108.0    	99.1     	93.4     	93.1     	89.4     	87.3     	79.6     	83.4     	76.2     	66.8     	64.9     	66.0     	62.7     	55.9     	56.6     	55.9     	55.9     	55.2     	52.5     	51.6     	51.4     	49.3     	46.7     	45.2     	43.4     	43.1     	43.0     	42.8     	43.1     	43.8     	44.8     	45.9     
	2026-03-03  	11:37:26  	00:04:40  	         	84.3     	90.2     	99.8     	101.9    	105.9    	101.0    	97.6     	93.4     	89.9     	88.4     	78.5     	80.4     	73.0     	67.0     	66.1     	66.8     	63.3     	56.1     	57.2     	56.6     	56.2     	55.1     	52.1     	50.3     	50.7     	49.4     	46.6     	45.2     	44.2     	43.5     	43.1     	42.8     	43.2     	43.8     	44.8     	46.1     
	2026-03-03  	11:37:27  	00:04:41  	         	82.4     	94.4     	95.0     	102.7    	106.5    	98.1     	97.2     	92.2     	93.0     	91.5     	81.7     	82.7     	73.5     	67.0     	65.2     	67.0     	62.6     	55.3     	57.5     	55.4     	55.1     	54.9     	52.1     	51.0     	51.4     	49.9     	46.9     	45.5     	44.1     	43.5     	42.8     	42.6     	43.0     	43.7     	44.9     	46.0     
	2026-03-03  	11:37:28  	00:04:42  	         	77.8     	85.5     	101.6    	105.6    	102.2    	99.9     	97.5     	92.2     	93.4     	88.0     	82.0     	81.4     	73.2     	66.8     	65.3     	66.6     	63.6     	56.7     	55.9     	54.5     	54.3     	54.1     	51.4     	51.0     	50.5     	48.2     	46.0     	44.3     	43.3     	42.7     	42.3     	42.3     	42.9     	43.7     	44.8     	46.0     
	2026-03-03  	11:37:29  	00:04:43  	         	76.6     	89.8     	102.2    	108.8    	103.0    	103.7    	100.4    	92.6     	96.7     	91.3     	82.0     	82.0     	75.0     	68.1     	66.7     	67.5     	64.1     	58.1     	57.2     	57.3     	56.2     	57.1     	54.2     	52.7     	51.3     	50.7     	48.4     	45.5     	44.4     	43.7     	43.3     	43.0     	43.1     	43.8     	44.7     	46.0     
	2026-03-03  	11:37:30  	00:04:44  	         	89.7     	87.5     	94.9     	106.7    	104.4    	105.5    	99.4     	94.1     	96.1     	92.9     	84.5     	81.3     	75.1     	69.1     	66.7     	68.2     	64.4     	58.0     	58.7     	57.0     	56.6     	56.7     	54.2     	53.9     	51.1     	49.7     	47.2     	45.7     	43.3     	42.7     	42.2     	42.1     	42.8     	43.7     	44.7     	45.9     
	2026-03-03  	11:37:31  	00:04:45  	         	87.0     	92.5     	96.7     	105.4    	107.4    	104.1    	101.0    	96.1     	96.3     	93.8     	81.5     	81.3     	76.4     	68.3     	66.8     	67.6     	63.5     	58.4     	60.0     	58.8     	58.2     	57.7     	55.8     	56.4     	54.0     	51.6     	49.4     	48.7     	46.0     	44.5     	43.8     	43.0     	43.2     	43.7     	44.8     	46.1     
	2026-03-03  	11:37:32  	00:04:46  	         	86.2     	87.2     	98.0     	104.3    	106.4    	102.1    	95.1     	94.5     	96.7     	92.5     	82.7     	80.7     	73.8     	68.4     	66.3     	67.7     	64.0     	57.3     	59.9     	58.6     	57.6     	57.4     	55.3     	53.6     	51.1     	49.2     	46.8     	45.1     	43.2     	43.2     	42.9     	42.8     	43.1     	43.7     	44.7     	46.0     
	2026-03-03  	11:37:33  	00:04:47  	         	86.6     	85.4     	100.4    	107.4    	107.8    	102.6    	99.5     	91.7     	97.9     	91.2     	82.0     	82.3     	75.0     	69.3     	67.4     	67.7     	65.2     	58.4     	59.0     	58.5     	58.6     	57.2     	53.4     	53.7     	51.7     	50.9     	47.9     	46.3     	44.7     	43.9     	43.4     	43.1     	43.0     	43.6     	44.8     	46.1     
	2026-03-03  	11:37:34  	00:04:48  	         	85.5     	99.9     	99.7     	103.9    	104.4    	102.6    	98.4     	93.6     	94.5     	87.0     	82.2     	81.8     	74.5     	68.5     	66.8     	66.4     	64.2     	58.2     	60.0     	58.2     	58.6     	58.2     	54.4     	51.6     	48.9     	48.5     	46.0     	44.5     	43.1     	42.8     	42.6     	42.6     	42.9     	43.6     	44.8     	46.0     
	2026-03-03  	11:37:35  	00:04:49  	         	88.4     	91.9     	99.3     	102.7    	102.2    	105.6    	98.7     	92.1     	93.9     	89.2     	78.3     	82.1     	73.7     	67.2     	65.4     	67.4     	63.6     	56.8     	57.8     	56.2     	57.1     	56.6     	53.6     	51.9     	49.3     	48.0     	45.6     	44.0     	42.4     	42.8     	42.8     	42.7     	42.9     	43.7     	44.8     	46.0     
	2026-03-03  	11:37:36  	00:04:50  	         	82.0     	90.8     	91.6     	102.8    	103.4    	95.4     	92.3     	90.7     	92.3     	86.8     	78.0     	81.3     	72.6     	65.3     	64.9     	64.4     	61.8     	53.7     	55.6     	53.9     	55.2     	56.0     	51.1     	49.4     	48.5     	46.3     	44.4     	42.3     	41.8     	42.4     	42.3     	42.1     	42.8     	43.5     	44.7     	46.0     
	2026-03-03  	11:37:37  	00:04:51  	         	80.9     	88.7     	93.1     	96.9     	106.9    	96.7     	94.6     	91.2     	91.3     	87.1     	77.0     	81.4     	73.6     	66.9     	64.9     	65.2     	61.5     	55.3     	55.9     	55.2     	55.1     	55.9     	52.0     	51.9     	50.3     	47.8     	46.0     	43.4     	41.8     	41.6     	41.6     	41.9     	42.6     	43.6     	44.7     	46.0     
	2026-03-03  	11:37:38  	00:04:52  	         	84.0     	85.2     	95.8     	107.3    	104.1    	102.1    	96.4     	88.2     	94.0     	88.2     	81.5     	80.5     	74.6     	66.8     	64.2     	65.1     	62.8     	56.2     	57.2     	57.1     	57.7     	58.6     	54.1     	54.3     	52.7     	50.6     	48.9     	45.8     	44.7     	43.3     	43.0     	42.6     	42.9     	43.6     	44.8     	46.0     
	2026-03-03  	11:37:39  	00:04:53  	         	83.0     	91.1     	91.6     	106.9    	103.3    	98.6     	96.0     	91.7     	98.5     	95.2     	83.1     	82.8     	75.9     	67.6     	67.6     	65.2     	64.4     	57.6     	59.7     	58.7     	57.9     	58.9     	56.5     	58.7     	56.2     	53.4     	50.9     	49.1     	47.8     	45.8     	44.1     	43.5     	43.3     	44.0     	44.8     	46.1     
	2026-03-03  	11:37:40  	00:04:54  	         	85.2     	92.1     	93.0     	104.9    	104.1    	101.2    	97.7     	93.6     	96.4     	97.6     	83.4     	81.4     	75.2     	69.3     	68.2     	68.7     	64.3     	58.3     	59.8     	58.2     	57.9     	58.5     	55.6     	55.9     	54.5     	51.9     	50.0     	47.9     	46.7     	45.4     	44.1     	43.4     	43.4     	44.0     	44.9     	46.0     
	2026-03-03  	11:37:41  	00:04:55  	         	82.7     	92.0     	97.0     	104.1    	105.7    	99.3     	94.8     	90.9     	92.7     	100.2    	84.5     	81.0     	79.3     	69.7     	68.9     	68.6     	66.4     	59.1     	60.9     	58.7     	58.5     	58.2     	55.6     	55.7     	53.5     	52.0     	49.8     	47.4     	45.7     	44.3     	43.3     	43.1     	43.2     	43.9     	44.9     	46.0     
	2026-03-03  	11:37:42  	00:04:56  	         	81.5     	85.7     	99.2     	105.1    	108.1    	101.5    	93.8     	95.4     	91.7     	101.9    	84.6     	82.2     	78.2     	70.1     	70.1     	69.7     	66.5     	59.7     	60.4     	60.9     	59.4     	60.8     	57.4     	55.4     	53.2     	50.7     	49.0     	46.6     	45.5     	44.8     	43.0     	42.3     	42.8     	43.6     	44.8     	45.9     
	2026-03-03  	11:37:43  	00:04:57  	         	86.9     	96.0     	97.0     	107.2    	107.3    	102.7    	96.6     	94.1     	93.0     	97.1     	84.1     	80.7     	77.8     	69.6     	69.3     	67.6     	66.6     	59.8     	61.2     	60.3     	60.6     	61.9     	56.6     	53.9     	52.2     	51.0     	49.3     	46.5     	46.1     	45.9     	45.0     	44.1     	43.9     	44.1     	45.0     	46.1     
	2026-03-03  	11:37:44  	00:04:58  	         	82.8     	92.4     	100.7    	111.2    	109.8    	103.3    	98.9     	94.7     	92.0     	94.3     	83.1     	81.9     	77.9     	68.3     	66.3     	67.6     	65.3     	59.1     	60.8     	59.6     	59.1     	59.8     	56.1     	53.8     	50.7     	49.5     	47.6     	45.3     	44.0     	43.2     	43.1     	43.1     	43.2     	43.7     	44.8     	46.0     
	2026-03-03  	11:37:45  	00:04:59  	         	79.3     	86.6     	96.1     	107.1    	105.4    	98.3     	97.3     	94.0     	89.9     	93.2     	83.9     	81.8     	78.4     	70.2     	68.7     	68.1     	66.1     	57.9     	59.0     	59.1     	58.7     	58.7     	55.6     	52.5     	50.7     	49.8     	47.5     	44.9     	43.5     	43.3     	42.3     	42.3     	42.9     	43.7     	44.6     	46.0     
	2026-03-03  	11:37:46  	00:05:00  	         	79.3     	89.7     	98.8     	102.6    	107.7    	98.4     	93.0     	91.1     	87.7     	91.8     	81.6     	79.2     	76.8     	68.7     	68.7     	68.7     	65.4     	58.3     	59.5     	59.3     	58.6     	57.7     	53.8     	51.6     	48.8     	48.9     	46.0     	43.9     	42.9     	42.7     	42.4     	42.3     	42.8     	43.6     	44.7     	46.1     
	2026-03-03  	11:37:47  	00:05:01  	         	77.2     	88.9     	92.1     	101.7    	106.8    	99.6     	100.0    	93.5     	87.4     	94.0     	82.6     	81.4     	77.3     	67.2     	67.4     	68.3     	66.4     	57.7     	58.7     	58.0     	57.5     	57.9     	56.0     	50.5     	47.7     	47.8     	45.8     	43.2     	42.4     	42.1     	41.7     	41.9     	42.6     	43.5     	44.7     	45.9     
	2026-03-03  	11:37:48  	00:05:02  	         	82.9     	88.4     	98.8     	106.3    	102.9    	100.9    	96.6     	90.5     	91.3     	92.0     	82.3     	79.4     	77.8     	68.9     	68.4     	68.0     	66.1     	59.0     	59.5     	58.6     	58.9     	58.5     	55.2     	51.9     	50.5     	49.9     	47.6     	45.9     	44.9     	44.4     	43.7     	43.2     	43.2     	43.8     	44.9     	46.1     
	2026-03-03  	11:37:49  	00:05:03  	         	85.4     	93.0     	96.5     	107.6    	106.1    	101.1    	99.1     	91.3     	92.5     	96.8     	83.3     	81.2     	77.6     	69.6     	68.6     	68.7     	67.5     	59.5     	60.3     	61.4     	60.7     	61.2     	57.4     	55.9     	53.6     	51.3     	49.3     	47.1     	45.5     	44.2     	42.7     	42.5     	43.0     	43.7     	44.7     	45.9     
	2026-03-03  	11:37:50  	00:05:04  	         	84.6     	90.1     	97.4     	108.8    	108.0    	99.6     	98.3     	93.7     	91.4     	90.9     	82.9     	80.6     	78.2     	70.6     	69.5     	70.8     	66.5     	60.2     	60.9     	61.1     	60.5     	61.4     	56.7     	52.7     	50.1     	50.0     	47.7     	45.7     	44.7     	44.6     	43.2     	42.8     	43.0     	43.7     	44.9     	46.0     
	2026-03-03  	11:37:51  	00:05:05  	         	83.2     	92.3     	98.9     	107.7    	110.4    	102.3    	98.6     	93.2     	90.6     	94.3     	82.8     	79.4     	76.7     	70.6     	68.5     	69.6     	67.0     	59.3     	60.3     	59.6     	60.1     	60.0     	55.2     	52.0     	50.1     	49.4     	47.7     	45.3     	44.4     	43.8     	43.0     	42.6     	43.0     	43.7     	44.8     	46.0     
	2026-03-03  	11:37:52  	00:05:06  	         	84.9     	97.1     	101.5    	106.8    	106.1    	102.6    	99.6     	93.6     	95.9     	98.9     	83.2     	79.3     	77.3     	70.4     	67.8     	67.4     	64.9     	57.9     	58.8     	58.0     	58.6     	58.0     	54.9     	54.9     	53.2     	50.7     	48.9     	46.5     	44.6     	43.8     	43.1     	42.8     	43.0     	43.7     	44.9     	46.0     
	2026-03-03  	11:37:53  	00:05:07  	         	78.9     	91.5     	98.0     	102.4    	108.0    	99.8     	98.5     	92.5     	92.8     	96.0     	82.6     	79.4     	77.5     	68.4     	67.8     	67.0     	65.1     	57.4     	57.6     	57.2     	56.7     	57.7     	54.1     	52.5     	51.6     	49.4     	46.6     	44.8     	43.4     	43.3     	42.5     	42.2     	42.8     	43.6     	44.7     	46.0     
	2026-03-03  	11:37:54  	00:05:08  	         	82.0     	96.4     	98.0     	106.7    	105.9    	100.6    	97.4     	93.1     	96.3     	91.2     	81.1     	82.2     	74.9     	69.3     	67.1     	66.6     	65.5     	58.8     	58.9     	58.5     	57.2     	58.0     	55.1     	54.5     	53.5     	51.9     	49.6     	47.2     	46.0     	44.9     	43.8     	43.2     	43.3     	43.9     	44.9     	46.1     
	2026-03-03  	11:37:55  	00:05:09  	         	81.3     	90.4     	97.9     	105.6    	106.7    	103.0    	98.1     	94.4     	95.3     	90.7     	84.5     	81.2     	75.4     	68.7     	66.9     	66.9     	65.3     	58.9     	59.1     	58.9     	58.1     	57.5     	53.9     	53.0     	52.0     	51.7     	47.6     	45.6     	44.7     	44.5     	43.4     	43.1     	43.3     	43.8     	44.8     	46.1     
	2026-03-03  	11:37:56  	00:05:10  	         	84.6     	89.6     	99.5     	104.4    	104.9    	102.9    	96.4     	95.3     	92.1     	87.0     	83.0     	80.4     	74.3     	64.6     	65.5     	67.1     	62.7     	56.3     	57.1     	57.1     	57.5     	54.6     	51.4     	50.1     	47.9     	48.4     	45.9     	44.0     	43.7     	44.0     	43.1     	42.7     	42.8     	43.8     	44.8     	46.0     
	2026-03-03  	11:37:57  	00:05:11  	         	79.9     	89.9     	96.6     	105.1    	104.2    	104.0    	97.6     	92.4     	92.6     	89.9     	81.3     	81.0     	74.4     	67.1     	64.9     	66.6     	64.4     	58.0     	58.6     	57.2     	56.8     	56.1     	52.0     	50.9     	50.8     	50.1     	46.9     	45.4     	45.3     	44.2     	43.6     	43.3     	43.3     	43.7     	44.8     	46.1     
	2026-03-03  	11:37:58  	00:05:12  	         	89.8     	94.5     	98.6     	107.5    	107.3    	106.2    	98.1     	97.0     	94.8     	94.6     	82.8     	80.0     	76.4     	67.5     	65.9     	67.3     	65.0     	59.2     	59.7     	58.1     	58.3     	57.8     	55.6     	54.8     	53.4     	51.7     	49.2     	47.7     	46.7     	45.9     	44.8     	44.2     	43.8     	44.1     	44.9     	46.0     
	2026-03-03  	11:37:59  	00:05:13  	         	87.8     	97.5     	98.1     	109.0    	105.3    	103.7    	101.3    	95.4     	97.0     	91.5     	81.6     	81.1     	76.3     	69.1     	68.1     	68.1     	65.9     	60.5     	60.8     	59.8     	59.7     	57.5     	56.3     	54.2     	52.5     	52.8     	49.9     	48.2     	46.9     	46.1     	44.9     	44.5     	44.3     	44.3     	44.9     	46.1     
	2026-03-03  	11:38:00  	00:05:14  	         	86.5     	96.3     	102.1    	107.0    	107.8    	105.5    	102.5    	94.9     	96.2     	95.1     	84.2     	80.2     	77.9     	68.3     	67.9     	69.1     	67.0     	60.2     	61.9     	59.7     	58.7     	58.9     	56.3     	56.3     	53.2     	52.8     	50.0     	47.9     	46.6     	45.0     	44.2     	43.7     	43.6     	44.0     	44.9     	46.0     
	2026-03-03  	11:38:01  	00:05:15  	         	88.4     	100.5    	100.4    	102.0    	108.8    	104.8    	95.9     	92.9     	96.6     	99.1     	83.2     	80.9     	78.6     	67.6     	67.6     	68.3     	65.5     	58.1     	58.4     	59.3     	58.3     	58.2     	55.6     	55.1     	55.0     	54.0     	52.7     	51.9     	50.2     	49.2     	49.0     	47.4     	47.2     	47.8     	46.9     	46.5     
	2026-03-03  	11:38:02  	00:05:16  	         	86.3     	94.4     	93.6     	103.4    	106.8    	104.6    	100.5    	96.1     	96.5     	100.7    	86.5     	84.0     	79.2     	70.4     	68.3     	69.5     	67.3     	59.7     	61.0     	61.7     	60.7     	58.6     	55.4     	54.5     	53.9     	52.4     	50.8     	49.1     	47.3     	45.7     	44.7     	43.7     	43.8     	44.1     	44.9     	46.0     
	2026-03-03  	11:38:03  	00:05:17  	         	82.6     	97.1     	102.4    	108.8    	106.9    	105.3    	102.8    	98.9     	97.3     	100.3    	87.7     	84.1     	79.5     	71.2     	69.9     	72.4     	69.6     	62.0     	62.8     	62.7     	61.6     	60.1     	58.9     	58.0     	56.9     	56.8     	52.8     	51.1     	49.7     	48.1     	47.1     	46.2     	44.8     	44.6     	45.0     	46.0     
	2026-03-03  	11:38:04  	00:05:18  	         	91.4     	99.8     	101.8    	110.0    	108.5    	106.6    	102.3    	97.3     	94.8     	97.0     	86.5     	83.8     	80.6     	70.7     	69.8     	72.6     	67.7     	60.4     	62.8     	62.3     	61.4     	58.8     	56.4     	54.7     	52.1     	51.0     	49.3     	47.9     	47.2     	46.5     	44.8     	44.2     	43.8     	43.8     	44.7     	46.0     
	2026-03-03  	11:38:05  	00:05:19  	         	78.5     	88.7     	98.4     	104.7    	106.9    	105.9    	99.4     	94.7     	92.2     	92.2     	83.5     	80.6     	79.5     	70.6     	69.8     	70.6     	66.1     	59.7     	61.8     	61.3     	60.8     	58.1     	53.9     	52.2     	51.2     	49.8     	47.3     	45.9     	44.6     	44.0     	43.4     	43.2     	43.3     	43.8     	44.9     	46.0     
	2026-03-03  	11:38:06  	00:05:20  	         	83.8     	90.1     	98.4     	105.8    	106.8    	97.3     	94.7     	95.3     	92.8     	91.0     	82.4     	80.7     	78.9     	68.5     	69.3     	69.4     	66.6     	59.2     	59.9     	60.7     	59.3     	57.2     	54.3     	52.1     	51.3     	50.2     	47.1     	45.4     	44.0     	43.0     	42.7     	42.6     	43.0     	43.7     	44.8     	46.1     
	2026-03-03  	11:38:07  	00:05:21  	         	86.8     	90.8     	100.4    	102.4    	105.0    	100.7    	96.0     	94.3     	91.8     	95.8     	84.0     	81.9     	77.3     	70.3     	68.7     	70.0     	66.0     	59.4     	60.1     	60.1     	58.7     	57.7     	53.0     	52.1     	51.2     	49.8     	46.4     	44.8     	43.8     	43.4     	42.7     	42.4     	42.9     	43.7     	44.9     	46.0     
	2026-03-03  	11:38:08  	00:05:22  	         	84.2     	92.7     	94.5     	109.8    	110.0    	102.4    	99.9     	93.1     	93.7     	95.1     	83.4     	81.7     	78.9     	69.2     	68.7     	69.3     	66.0     	59.4     	59.7     	60.1     	59.4     	57.2     	53.6     	53.1     	52.1     	49.6     	47.6     	46.5     	45.6     	44.2     	43.7     	43.6     	43.9     	43.9     	45.1     	46.1     
	2026-03-03  	11:38:09  	00:05:23  	         	89.3     	94.0     	101.2    	107.7    	109.5    	102.6    	103.8    	93.9     	94.7     	96.0     	83.0     	81.8     	76.4     	71.4     	67.5     	69.4     	67.4     	60.8     	60.3     	59.8     	57.9     	56.1     	53.8     	54.4     	54.4     	51.5     	49.5     	48.6     	47.4     	45.6     	45.2     	44.2     	43.8     	44.0     	44.9     	46.1     
	2026-03-03  	11:38:10  	00:05:24  	         	84.3     	91.9     	101.7    	107.0    	107.9    	102.7    	101.0    	96.4     	96.4     	91.3     	81.8     	82.1     	77.3     	67.8     	65.8     	67.9     	66.3     	58.1     	58.4     	58.7     	57.4     	57.5     	54.4     	54.0     	54.8     	51.9     	49.2     	48.3     	47.1     	45.1     	44.1     	43.4     	43.6     	43.9     	44.8     	46.0     
	2026-03-03  	11:38:11  	00:05:25  	         	86.3     	90.8     	95.1     	104.9    	109.0    	101.1    	97.8     	93.5     	95.3     	87.2     	81.0     	81.0     	74.2     	66.8     	65.8     	67.2     	64.2     	57.6     	57.4     	56.1     	54.4     	55.1     	52.1     	50.5     	49.1     	47.3     	45.4     	44.3     	43.2     	43.0     	42.7     	42.4     	42.9     	43.6     	44.8     	46.1     
	2026-03-03  	11:38:12  	00:05:26  	         	84.8     	93.1     	93.8     	100.5    	106.7    	100.5    	99.0     	92.1     	94.6     	88.5     	80.0     	79.9     	73.9     	68.3     	65.7     	66.9     	64.3     	56.7     	57.5     	58.8     	56.1     	56.0     	53.1     	52.6     	51.0     	50.0     	47.0     	46.5     	45.7     	44.9     	44.0     	43.4     	43.4     	43.9     	44.8     	46.1     
	2026-03-03  	11:38:13  	00:05:27  	         	90.5     	96.0     	102.7    	107.6    	107.9    	98.3     	99.8     	96.0     	90.7     	90.1     	82.6     	81.2     	72.0     	68.0     	66.9     	67.7     	64.6     	57.6     	58.0     	57.2     	55.5     	55.6     	52.7     	53.4     	52.0     	50.6     	47.1     	46.0     	45.5     	44.8     	44.0     	43.4     	43.6     	43.9     	44.9     	45.9     
	2026-03-03  	11:38:14  	00:05:28  	         	90.8     	91.7     	98.1     	105.3    	107.0    	101.0    	97.3     	91.2     	90.2     	90.4     	80.9     	79.5     	73.9     	68.3     	65.1     	64.9     	62.0     	55.5     	55.4     	55.5     	55.3     	54.6     	51.8     	50.4     	50.3     	49.1     	46.4     	45.5     	44.1     	42.8     	43.0     	42.9     	43.1     	43.9     	44.8     	46.0     
	2026-03-03  	11:38:15  	00:05:29  	         	88.8     	87.0     	96.5     	102.4    	99.8     	99.3     	92.9     	94.6     	88.4     	87.4     	78.4     	77.6     	70.9     	65.9     	64.2     	65.3     	61.1     	55.7     	54.6     	54.6     	53.3     	53.2     	50.3     	49.3     	48.9     	46.3     	44.2     	43.8     	42.9     	42.7     	42.5     	42.6     	43.1     	43.9     	44.7     	46.0     
	2026-03-03  	11:38:16  	00:05:30  	         	82.2     	88.4     	96.5     	100.1    	104.8    	96.3     	97.0     	88.5     	86.5     	84.9     	77.2     	73.9     	69.1     	61.9     	60.8     	60.7     	57.7     	50.3     	51.5     	51.6     	50.4     	49.9     	47.3     	46.8     	45.4     	44.9     	42.4     	42.0     	41.8     	41.9     	42.0     	41.9     	42.6     	43.8     	44.6     	46.0     
	2026-03-03  	11:38:17  	00:05:31  	         	83.4     	87.7     	92.6     	101.5    	103.9    	96.5     	97.1     	91.3     	86.4     	84.2     	75.8     	74.2     	64.9     	61.3     	59.5     	59.3     	57.8     	51.4     	50.5     	50.7     	49.5     	48.2     	47.2     	45.9     	44.4     	44.2     	41.6     	41.0     	40.8     	41.5     	42.0     	42.3     	42.8     	43.5     	44.7     	45.9     
	2026-03-03  	11:38:18  	00:05:32  	         	78.6     	89.6     	94.7     	102.3    	105.4    	98.6     	95.8     	90.4     	88.6     	85.7     	79.2     	78.9     	69.6     	63.6     	63.5     	62.7     	59.6     	53.7     	53.4     	51.9     	51.7     	51.1     	48.8     	47.5     	46.7     	46.1     	44.7     	43.2     	42.4     	42.4     	42.2     	42.2     	42.9     	43.7     	44.8     	45.9     
	2026-03-03  	11:38:19  	00:05:33  	         	85.2     	91.9     	95.3     	104.4    	102.1    	101.5    	97.5     	91.7     	95.3     	89.1     	82.5     	82.7     	72.1     	65.3     	65.2     	67.6     	62.8     	55.7     	56.5     	56.0     	56.4     	55.9     	54.5     	53.5     	52.5     	51.8     	49.7     	48.6     	46.5     	46.2     	44.6     	43.8     	43.5     	44.1     	44.9     	46.0     
	2026-03-03  	11:38:20  	00:05:34  	         	82.5     	91.3     	95.1     	102.8    	106.0    	100.8    	99.2     	94.2     	100.0    	97.6     	83.8     	80.8     	74.7     	67.1     	66.0     	67.0     	65.0     	57.7     	57.1     	57.4     	59.4     	59.4     	63.3     	70.4     	56.4     	54.4     	49.9     	48.9     	47.2     	44.9     	43.9     	43.0     	43.1     	44.0     	44.7     	46.1     
	2026-03-03  	11:38:21  	00:05:35  	         	82.9     	88.4     	94.1     	107.2    	107.5    	103.1    	98.5     	91.6     	94.9     	103.5    	86.6     	82.7     	77.3     	68.2     	68.8     	69.7     	67.2     	60.3     	69.7     	74.2     	72.3     	70.7     	83.8     	87.2     	70.6     	62.0     	61.7     	55.7     	47.9     	46.2     	44.4     	43.8     	43.6     	44.1     	44.9     	46.0     
	2026-03-03  	11:38:22  	00:05:36  	         	85.8     	90.5     	98.7     	103.5    	106.3    	101.9    	94.0     	87.8     	89.2     	98.5     	86.7     	83.0     	76.3     	69.2     	67.3     	69.8     	66.3     	60.4     	64.3     	69.3     	67.9     	66.8     	73.6     	78.9     	63.3     	54.1     	57.4     	51.1     	44.2     	42.4     	42.2     	42.5     	42.7     	43.7     	44.8     	46.0     
	2026-03-03  	11:38:23  	00:05:37  	         	75.4     	92.4     	99.3     	103.8    	104.6    	100.6    	96.9     	91.2     	92.1     	97.3     	85.8     	81.9     	76.9     	69.5     	68.0     	70.3     	65.9     	60.3     	67.5     	72.0     	70.8     	70.5     	74.8     	80.4     	63.1     	55.6     	59.8     	55.2     	46.1     	45.0     	44.1     	43.7     	43.4     	43.9     	44.9     	46.0     
	2026-03-03  	11:38:24  	00:05:38  	         	80.5     	95.5     	98.0     	107.5    	103.8    	100.1    	98.7     	93.9     	92.7     	96.4     	89.1     	85.5     	77.5     	70.9     	68.2     	70.0     	67.6     	61.1     	63.0     	67.1     	69.2     	66.6     	74.6     	83.2     	64.9     	55.1     	57.9     	52.8     	46.4     	44.4     	43.4     	43.4     	43.5     	43.9     	44.8     	46.1     
	2026-03-03  	11:38:25  	00:05:39  	         	80.1     	88.3     	98.9     	105.8    	106.1    	104.9    	99.4     	96.5     	93.9     	96.8     	90.0     	85.1     	79.1     	71.7     	68.5     	71.5     	67.6     	61.1     	61.0     	61.1     	62.1     	61.1     	66.4     	70.2     	56.2     	52.1     	49.4     	48.7     	46.3     	44.4     	43.5     	43.4     	43.3     	44.0     	44.8     	46.0     
	2026-03-03  	11:38:26  	00:05:40  	         	83.9     	91.9     	104.1    	106.0    	105.3    	103.0    	101.2    	94.0     	94.9     	95.2     	92.8     	84.3     	77.0     	70.7     	68.3     	71.4     	68.3     	60.6     	60.5     	60.1     	60.4     	57.9     	55.6     	55.3     	52.0     	50.7     	48.9     	47.8     	46.9     	45.2     	44.0     	43.7     	43.5     	43.8     	44.9     	46.1     
	2026-03-03  	11:38:27  	00:05:41  	         	83.5     	93.3     	99.2     	107.7    	104.2    	103.6    	93.5     	97.5     	93.4     	93.5     	90.9     	83.8     	78.9     	71.3     	68.9     	71.4     	67.3     	61.2     	60.0     	59.5     	59.8     	58.2     	56.2     	55.7     	51.5     	52.5     	49.4     	48.3     	47.0     	45.2     	44.1     	43.5     	43.6     	44.0     	45.0     	46.1     
	2026-03-03  	11:38:28  	00:05:42  	         	82.8     	87.1     	100.6    	106.3    	108.8    	98.2     	98.2     	96.7     	93.7     	94.3     	86.2     	82.3     	75.5     	69.9     	69.2     	71.8     	67.6     	63.0     	69.5     	63.2     	61.7     	59.9     	59.5     	61.0     	55.8     	53.9     	54.7     	52.6     	48.4     	46.2     	45.3     	44.7     	44.0     	44.1     	45.0     	46.0     
	2026-03-03  	11:38:29  	00:05:43  	         	85.2     	93.2     	103.6    	105.3    	107.2    	102.8    	96.1     	92.9     	91.8     	90.1     	88.2     	82.6     	74.6     	68.1     	64.0     	69.9     	66.5     	62.8     	66.1     	67.9     	63.1     	63.1     	64.8     	63.1     	60.6     	59.4     	58.1     	55.6     	46.6     	44.7     	43.4     	43.2     	42.9     	43.8     	44.8     	46.0     
	2026-03-03  	11:38:30  	00:05:44  	         	79.1     	90.6     	97.5     	106.4    	104.0    	100.2    	97.3     	94.3     	89.1     	89.7     	87.0     	82.3     	74.6     	68.4     	65.4     	67.0     	64.8     	59.7     	59.8     	61.1     	59.2     	64.6     	68.3     	69.9     	60.4     	53.1     	52.0     	50.3     	47.0     	44.8     	43.8     	43.6     	43.6     	43.8     	44.9     	46.0     
	2026-03-03  	11:38:31  	00:05:45  	         	84.5     	91.7     	97.2     	108.4    	110.6    	101.0    	98.1     	92.6     	89.9     	86.6     	78.1     	75.9     	71.2     	67.8     	67.5     	65.1     	62.9     	58.7     	59.5     	65.8     	59.6     	58.9     	59.7     	60.6     	56.4     	54.9     	52.8     	50.2     	47.3     	45.2     	44.9     	44.2     	43.6     	44.1     	44.9     	46.0     
	2026-03-03  	11:38:32  	00:05:46  	         	81.2     	87.4     	101.4    	103.8    	110.9    	99.8     	90.7     	87.3     	82.0     	77.7     	70.4     	67.0     	61.9     	57.6     	53.6     	55.7     	57.4     	54.6     	50.9     	51.6     	52.1     	52.8     	50.4     	49.3     	48.3     	46.1     	43.3     	43.3     	42.5     	42.5     	42.0     	42.3     	43.0     	43.6     	44.7     	46.0     
	2026-03-03  	11:38:33  	00:05:47  	         	81.2     	91.2     	93.4     	101.7    	100.6    	93.7     	85.3     	78.5     	74.3     	74.9     	68.7     	67.9     	62.6     	56.4     	57.5     	56.4     	57.7     	55.5     	50.0     	50.4     	50.8     	50.9     	47.8     	46.8     	45.5     	43.8     	41.7     	41.7     	40.8     	41.5     	41.4     	42.0     	42.8     	43.6     	44.8     	46.1     
	2026-03-03  	11:38:34  	00:05:48  	         	72.3     	75.6     	88.5     	95.5     	94.4     	93.8     	90.2     	79.5     	82.7     	79.5     	70.9     	68.2     	63.4     	56.5     	55.1     	57.0     	58.0     	56.2     	49.9     	51.1     	50.5     	50.7     	47.8     	47.5     	47.4     	46.0     	43.4     	43.7     	43.2     	43.1     	42.3     	42.4     	43.0     	43.8     	44.8     	45.9     
	2026-03-03  	11:38:35  	00:05:49  	         	79.2     	82.9     	90.1     	103.1    	102.3    	96.1     	92.2     	85.6     	84.8     	80.8     	73.5     	71.5     	66.7     	62.6     	62.3     	60.5     	59.9     	57.1     	53.5     	53.3     	51.9     	52.4     	50.0     	48.2     	47.4     	45.7     	43.3     	42.9     	41.9     	41.5     	41.5     	41.9     	42.7     	43.7     	44.7     	46.0     
	2026-03-03  	11:38:36  	00:05:50  	         	83.1     	87.4     	95.3     	104.2    	97.8     	90.4     	84.6     	79.9     	79.1     	76.1     	70.9     	66.1     	62.2     	55.7     	54.5     	57.8     	58.1     	55.2     	49.8     	51.1     	51.3     	51.8     	50.0     	48.2     	45.3     	43.2     	41.7     	40.9     	41.0     	41.3     	41.9     	42.1     	42.7     	43.7     	44.8     	46.0     
	2026-03-03  	11:38:37  	00:05:51  	         	82.0     	89.9     	93.3     	100.7    	99.8     	94.1     	91.9     	82.2     	77.2     	77.4     	69.5     	66.0     	60.0     	54.6     	53.6     	55.4     	58.0     	55.2     	50.5     	51.0     	51.7     	51.9     	49.7     	50.2     	45.6     	44.2     	42.0     	41.0     	41.0     	40.6     	41.7     	41.7     	42.6     	43.6     	44.8     	46.0     
	2026-03-03  	11:38:38  	00:05:52  	         	72.7     	78.8     	88.9     	97.2     	96.7     	92.2     	82.5     	77.8     	81.0     	79.4     	71.2     	69.8     	59.3     	54.5     	55.2     	57.1     	57.7     	54.7     	51.8     	51.2     	52.8     	53.0     	50.8     	51.5     	48.0     	45.2     	43.1     	42.5     	41.8     	41.6     	42.2     	42.1     	42.5     	43.7     	44.8     	45.9     
	2026-03-03  	11:38:39  	00:05:53  	         	69.1     	78.8     	86.5     	100.5    	101.7    	95.5     	84.7     	85.1     	80.6     	77.3     	71.3     	67.1     	64.6     	57.3     	57.6     	57.2     	58.8     	56.2     	54.0     	52.9     	53.6     	54.7     	52.9     	51.2     	53.3     	47.3     	44.2     	43.8     	42.8     	42.3     	42.5     	42.2     	42.6     	43.7     	44.8     	46.0     
	2026-03-03  	11:38:40  	00:05:54  	         	81.5     	88.5     	98.0     	104.8    	103.0    	95.9     	85.6     	84.5     	83.0     	78.0     	70.5     	66.2     	61.7     	57.0     	57.5     	56.2     	59.0     	56.6     	52.9     	52.5     	55.8     	55.5     	53.9     	49.7     	50.8     	47.3     	43.0     	41.9     	41.9     	40.8     	41.7     	41.9     	42.6     	43.6     	44.7     	46.1     
	2026-03-03  	11:38:41  	00:05:55  	         	84.9     	86.7     	94.0     	93.0     	98.5     	92.3     	87.5     	81.6     	79.6     	78.9     	69.6     	65.2     	60.7     	53.9     	52.2     	54.8     	59.7     	53.9     	54.1     	53.7     	54.5     	55.8     	53.0     	49.6     	50.1     	46.7     	42.0     	40.8     	40.3     	40.2     	41.3     	41.7     	42.4     	43.5     	44.8     	45.9     

# RTA LOG Results over the whole log period
	2026-03-03  	11:38:41  	00:05:55  	         	82.5     	89.3     	95.5     	102.3    	102.4    	97.8     	93.7     	89.2     	88.5     	89.1     	79.8     	76.7     	71.8     	64.6     	62.9     	64.4     	61.6     	56.1     	58.2     	58.7     	57.3     	56.6     	60.9     	64.7     	52.6     	50.1     	48.2     	45.7     	43.8     	43.5     	42.8     	42.5     	42.9     	43.7     	44.8     	46.0     

#CheckSum
	AB5B15B26E4A4BFB72B94F883F5ADAF7