XL2 RTA Spectrum Logging:		CL BA\2026-03-05_SLM_000_RTA_3rd_Log.txt                                       
-------------------------


# Hardware Configuration
	Device Info:    	XL2, SNo. A2A-17501-E0, FW4.33
	Mic Sensitivity:	16.9 mV/Pa
	                	(from NTi Audio M4261, SNo. 3302, User calibrated 2026-01-20  18:08)
	Time Zone:      	UTC+01:00 (Europe/Berlin)

# Measurement Setup
	Profile:        	Full mode
	Timer mode:     	continuous
	Timer set:      	--:--:--
	Log-Interval:   	00:00:01
	Resolution:     	1/3 Octave
	Range:          	30 - 130 dB

# Time
	Start:          	2026-03-05, 11:46:18
	End:            	2026-03-05, 11:51:22

# RTA LOG Results 
	            	          	          	         	LZeq_dt  	LZeq_dt  	LZeq_dt  	LZeq_dt  	LZeq_dt  	LZeq_dt  	LZeq_dt  	LZeq_dt  	LZeq_dt  	LZeq_dt  	LZeq_dt  	LZeq_dt  	LZeq_dt  	LZeq_dt  	LZeq_dt  	LZeq_dt  	LZeq_dt  	LZeq_dt  	LZeq_dt  	LZeq_dt  	LZeq_dt  	LZeq_dt  	LZeq_dt  	LZeq_dt  	LZeq_dt  	LZeq_dt  	LZeq_dt  	LZeq_dt  	LZeq_dt  	LZeq_dt  	LZeq_dt  	LZeq_dt  	LZeq_dt  	LZeq_dt  	LZeq_dt  	LZeq_dt  
	Date        	Time      	Timer     	Band [Hz]	6.3      	8.0      	10.0     	12.5     	16.0     	20.0     	25.0     	31.5     	40.0     	50.0     	63.0     	80.0     	100.0    	125.0    	160.0    	200.0    	250.0    	315.0    	400.0    	500.0    	630.0    	800.0    	1000.0   	1250.0   	1600.0   	2000.0   	2500.0   	3150.0   	4000.0   	5000.0   	6300.0   	8000.0   	10000.0  	12500.0  	16000.0  	20000.0  
	[YYYY-MM-DD]	[hh:mm:ss]	[hh:mm:ss]	         	[dB]     	[dB]     	[dB]     	[dB]     	[dB]     	[dB]     	[dB]     	[dB]     	[dB]     	[dB]     	[dB]     	[dB]     	[dB]     	[dB]     	[dB]     	[dB]     	[dB]     	[dB]     	[dB]     	[dB]     	[dB]     	[dB]     	[dB]     	[dB]     	[dB]     	[dB]     	[dB]     	[dB]     	[dB]     	[dB]     	[dB]     	[dB]     	[dB]     	[dB]     	[dB]     	[dB]     
	2026-03-05  	11:46:19  	00:00:01  	         	79.3     	79.3     	84.6     	88.6     	93.0     	85.0     	76.8     	76.8     	73.2     	70.7     	76.7     	73.9     	68.5     	63.8     	59.4     	59.3     	55.7     	58.2     	56.5     	49.2     	45.3     	44.0     	43.3     	44.1     	44.1     	42.2     	41.1     	40.3     	39.5     	39.3     	38.2     	35.9     	34.1     	30.2     	27.9     	26.2     
	2026-03-05  	11:46:20  	00:00:02  	         	72.8     	74.5     	80.0     	83.6     	72.6     	80.4     	72.3     	73.8     	66.2     	63.4     	72.6     	68.7     	65.4     	63.7     	58.8     	61.3     	62.7     	55.4     	53.2     	49.6     	45.8     	44.0     	45.0     	41.6     	40.3     	40.2     	39.0     	38.6     	37.0     	37.3     	36.8     	35.1     	33.8     	32.7     	30.3     	27.8     
	2026-03-05  	11:46:21  	00:00:03  	         	67.0     	70.5     	74.6     	73.2     	72.7     	72.0     	68.7     	71.5     	66.4     	67.2     	69.1     	64.1     	61.5     	60.2     	58.3     	58.7     	53.2     	50.4     	53.5     	49.3     	42.3     	45.5     	41.8     	40.4     	38.2     	38.6     	40.0     	39.0     	37.0     	35.4     	36.3     	34.8     	32.1     	29.4     	27.5     	25.3     
	2026-03-05  	11:46:22  	00:00:04  	         	72.4     	68.6     	67.6     	77.5     	78.5     	72.8     	77.5     	79.3     	73.3     	68.1     	69.2     	62.6     	58.8     	56.0     	57.7     	55.0     	50.2     	49.6     	48.9     	42.8     	41.7     	41.9     	40.0     	38.2     	37.6     	38.4     	38.2     	36.0     	36.8     	36.1     	35.8     	33.3     	30.7     	28.7     	26.9     	25.4     
	2026-03-05  	11:46:23  	00:00:05  	         	79.1     	82.0     	81.2     	80.2     	81.9     	73.3     	71.9     	73.1     	65.8     	63.1     	68.0     	62.6     	61.4     	61.1     	66.7     	55.5     	51.7     	47.0     	48.4     	48.7     	48.2     	44.0     	43.7     	41.0     	43.5     	43.7     	46.2     	45.2     	41.7     	42.8     	42.9     	42.1     	39.7     	35.2     	32.1     	27.8     
	2026-03-05  	11:46:24  	00:00:06  	         	69.1     	79.6     	71.5     	66.5     	65.7     	66.8     	66.0     	71.7     	66.3     	62.7     	68.3     	63.3     	62.1     	60.4     	63.2     	62.7     	62.8     	48.4     	45.7     	42.6     	45.4     	51.6     	47.8     	37.6     	36.7     	35.5     	35.3     	34.4     	34.1     	33.2     	34.2     	33.0     	32.5     	34.2     	32.4     	30.8     
	2026-03-05  	11:46:25  	00:00:07  	         	69.3     	81.6     	75.5     	78.1     	79.4     	80.5     	74.0     	71.2     	66.5     	68.0     	73.5     	72.4     	63.8     	60.4     	68.9     	57.5     	62.2     	58.1     	51.2     	42.7     	46.9     	45.6     	40.9     	41.2     	40.0     	38.0     	36.9     	36.9     	36.4     	36.1     	37.2     	36.9     	36.1     	36.2     	33.1     	30.7     
	2026-03-05  	11:46:26  	00:00:08  	         	76.9     	78.9     	78.1     	79.5     	87.9     	87.8     	74.7     	76.3     	70.0     	70.8     	72.5     	73.5     	69.6     	66.3     	64.1     	60.2     	56.1     	53.5     	56.6     	48.9     	46.7     	48.5     	46.8     	47.1     	47.9     	45.9     	46.9     	44.6     	44.0     	45.6     	44.0     	42.4     	41.5     	40.1     	37.0     	33.4     
	2026-03-05  	11:46:27  	00:00:09  	         	80.9     	84.0     	90.2     	87.9     	90.6     	83.9     	83.1     	80.9     	73.0     	71.5     	73.7     	72.5     	68.9     	62.6     	59.3     	58.6     	55.1     	51.3     	52.3     	46.2     	46.8     	47.8     	47.0     	44.7     	45.2     	43.4     	43.3     	41.5     	41.3     	40.9     	39.5     	39.3     	39.4     	37.9     	36.3     	34.8     
	2026-03-05  	11:46:28  	00:00:10  	         	76.4     	73.8     	85.0     	83.0     	82.0     	83.1     	74.2     	74.8     	69.7     	68.8     	73.4     	73.9     	72.9     	66.2     	60.8     	58.6     	54.0     	49.6     	51.0     	47.7     	43.0     	45.7     	42.8     	39.9     	40.4     	40.7     	39.5     	36.2     	36.9     	36.3     	35.6     	34.0     	32.8     	31.3     	29.8     	28.0     
	2026-03-05  	11:46:29  	00:00:11  	         	72.8     	73.8     	77.3     	82.4     	83.4     	81.0     	75.3     	76.9     	72.5     	74.9     	73.9     	74.5     	67.9     	65.9     	62.9     	57.9     	59.3     	55.5     	51.1     	45.1     	46.8     	50.0     	44.3     	41.6     	42.4     	40.9     	40.9     	38.5     	38.5     	37.4     	37.3     	35.3     	33.5     	30.9     	28.5     	26.9     
	2026-03-05  	11:46:30  	00:00:12  	         	75.7     	72.0     	76.6     	81.5     	81.2     	72.4     	72.1     	72.8     	71.4     	70.2     	70.7     	67.4     	64.9     	58.9     	60.1     	57.2     	60.3     	55.8     	48.7     	45.6     	43.8     	45.3     	45.5     	41.2     	44.3     	44.3     	43.2     	44.5     	45.8     	43.3     	40.7     	38.6     	36.5     	34.4     	31.1     	26.8     
	2026-03-05  	11:46:31  	00:00:13  	         	70.4     	65.5     	75.2     	81.0     	79.9     	76.5     	71.4     	76.6     	69.4     	65.3     	70.3     	65.4     	62.6     	60.6     	59.6     	59.5     	60.4     	48.6     	48.2     	46.4     	40.2     	42.7     	43.6     	36.1     	35.6     	34.9     	35.3     	33.2     	33.4     	34.2     	35.0     	32.8     	29.0     	28.0     	25.6     	24.6     
	2026-03-05  	11:46:32  	00:00:14  	         	63.4     	70.1     	75.2     	76.1     	76.5     	71.8     	73.4     	75.9     	72.8     	67.2     	71.4     	65.8     	63.1     	60.7     	59.4     	58.0     	60.0     	49.4     	50.2     	44.1     	42.1     	45.9     	40.4     	35.8     	36.6     	36.7     	36.9     	34.1     	34.5     	33.4     	34.2     	32.2     	30.0     	27.9     	26.3     	25.0     
	2026-03-05  	11:46:33  	00:00:15  	         	67.7     	65.2     	75.0     	77.9     	78.3     	71.9     	75.3     	75.4     	68.5     	63.8     	69.8     	60.6     	58.4     	58.0     	56.1     	55.1     	60.1     	48.9     	48.2     	44.6     	38.9     	41.4     	38.9     	36.4     	36.5     	38.0     	38.2     	35.9     	34.9     	36.6     	36.4     	34.6     	33.5     	33.3     	32.8     	30.8     
	2026-03-05  	11:46:34  	00:00:16  	         	78.6     	75.1     	83.6     	77.2     	76.6     	68.4     	67.7     	74.0     	69.1     	64.2     	70.4     	57.0     	57.8     	54.8     	55.1     	55.0     	58.2     	51.0     	49.6     	44.6     	39.2     	41.5     	39.7     	36.4     	37.5     	37.0     	36.9     	36.1     	36.5     	38.8     	37.7     	36.1     	35.2     	35.3     	33.8     	31.6     
	2026-03-05  	11:46:35  	00:00:17  	         	79.0     	77.3     	76.2     	72.5     	70.4     	61.2     	58.3     	63.4     	63.6     	59.6     	68.9     	57.5     	58.6     	54.6     	58.2     	55.6     	58.5     	50.3     	49.7     	45.0     	38.0     	41.9     	40.2     	37.6     	38.3     	40.1     	40.0     	39.8     	39.6     	41.9     	40.3     	37.4     	35.6     	33.8     	31.6     	29.0     
	2026-03-05  	11:46:36  	00:00:18  	         	71.5     	71.0     	68.1     	73.3     	66.1     	71.0     	63.2     	65.6     	65.4     	61.0     	68.0     	61.5     	59.3     	54.4     	57.9     	55.4     	57.2     	49.5     	47.3     	42.8     	41.9     	42.7     	40.7     	38.9     	41.4     	40.9     	40.1     	38.3     	39.4     	39.6     	38.8     	35.7     	33.8     	31.7     	29.0     	26.3     
	2026-03-05  	11:46:37  	00:00:19  	         	62.2     	65.1     	65.9     	76.1     	70.6     	73.4     	61.1     	66.0     	65.3     	64.5     	68.7     	61.4     	57.7     	57.3     	56.9     	55.9     	58.8     	51.4     	48.9     	43.5     	41.3     	44.5     	45.0     	40.2     	44.2     	43.0     	41.3     	41.7     	42.0     	41.2     	41.0     	40.6     	40.6     	38.4     	33.5     	28.6     
	2026-03-05  	11:46:38  	00:00:20  	         	65.4     	62.7     	76.6     	75.5     	72.4     	69.3     	61.7     	63.7     	63.3     	60.6     	68.1     	60.9     	58.3     	54.2     	63.9     	57.6     	55.7     	49.6     	49.0     	44.5     	47.5     	45.4     	46.0     	40.4     	43.5     	43.1     	44.0     	42.3     	41.8     	41.5     	40.8     	39.7     	39.7     	37.1     	32.4     	29.2     
	2026-03-05  	11:46:39  	00:00:21  	         	56.2     	64.7     	69.9     	70.0     	67.5     	69.0     	63.1     	69.5     	64.9     	61.1     	66.6     	60.4     	59.2     	59.0     	70.3     	65.8     	61.2     	52.7     	54.9     	53.3     	52.9     	53.2     	55.2     	45.2     	44.5     	42.3     	41.2     	41.4     	44.3     	40.8     	38.8     	39.7     	34.9     	31.8     	29.3     	26.4     
	2026-03-05  	11:46:40  	00:00:22  	         	59.7     	68.5     	68.8     	78.6     	78.8     	72.2     	69.2     	69.9     	67.4     	64.2     	68.8     	65.5     	61.7     	55.6     	61.0     	62.1     	59.8     	49.6     	51.5     	46.8     	49.0     	47.9     	44.2     	38.2     	40.7     	37.3     	36.7     	34.6     	34.8     	33.4     	33.6     	32.6     	29.6     	28.2     	26.4     	25.0     
	2026-03-05  	11:46:41  	00:00:23  	         	69.5     	73.4     	84.4     	83.9     	81.7     	74.6     	70.7     	69.2     	68.1     	65.4     	68.8     	61.0     	59.7     	62.6     	72.1     	61.6     	60.3     	54.0     	54.4     	50.3     	51.8     	55.6     	55.0     	45.6     	46.9     	41.6     	38.6     	37.5     	38.2     	38.3     	38.9     	36.9     	34.5     	32.4     	30.6     	28.9     
	2026-03-05  	11:46:42  	00:00:24  	         	68.8     	69.8     	81.0     	74.9     	77.4     	70.4     	68.7     	69.5     	66.4     	64.7     	70.1     	65.7     	63.6     	57.8     	66.4     	58.7     	59.5     	52.3     	49.4     	46.8     	50.5     	51.6     	54.8     	50.5     	47.4     	37.5     	36.8     	39.2     	40.7     	36.4     	36.0     	38.7     	34.3     	33.7     	32.7     	30.8     
	2026-03-05  	11:46:43  	00:00:25  	         	69.9     	68.1     	79.4     	82.6     	77.7     	78.9     	72.9     	71.5     	66.6     	65.5     	70.8     	64.3     	60.7     	57.1     	60.2     	55.5     	59.5     	49.1     	50.3     	44.0     	44.3     	44.8     	44.5     	40.8     	43.2     	41.7     	42.1     	40.2     	41.3     	40.4     	39.8     	38.1     	37.2     	35.9     	29.9     	26.4     
	2026-03-05  	11:46:44  	00:00:26  	         	77.4     	72.1     	73.5     	82.3     	82.8     	67.8     	67.0     	67.6     	65.6     	66.0     	69.9     	60.5     	61.8     	57.6     	58.1     	56.1     	60.2     	47.0     	47.8     	43.5     	42.3     	41.9     	40.1     	37.4     	37.0     	36.5     	36.5     	35.6     	35.4     	35.3     	35.8     	35.0     	34.0     	33.7     	32.6     	29.4     
	2026-03-05  	11:46:45  	00:00:27  	         	68.6     	65.1     	77.1     	82.7     	76.6     	71.7     	66.5     	70.7     	68.7     	64.4     	69.0     	58.8     	59.1     	56.6     	57.1     	54.6     	59.7     	51.3     	49.5     	44.7     	39.2     	41.7     	39.4     	36.2     	36.1     	35.4     	35.1     	33.2     	33.5     	33.8     	35.2     	33.7     	31.2     	29.7     	27.7     	25.8     
	2026-03-05  	11:46:46  	00:00:28  	         	79.6     	71.7     	72.9     	75.7     	73.5     	67.1     	66.0     	66.7     	66.4     	62.4     	68.8     	60.1     	59.2     	58.7     	57.1     	55.2     	59.4     	49.6     	49.3     	43.5     	40.7     	41.2     	39.1     	36.1     	37.3     	38.7     	38.4     	35.8     	36.0     	35.9     	34.5     	32.2     	29.6     	29.0     	26.1     	25.1     
	2026-03-05  	11:46:47  	00:00:29  	         	79.7     	78.4     	81.3     	81.9     	77.8     	77.3     	74.5     	73.5     	71.2     	64.5     	70.3     	62.7     	59.1     	56.4     	56.3     	54.5     	60.8     	48.8     	48.4     	43.9     	41.8     	41.9     	39.7     	36.5     	37.7     	37.3     	36.6     	34.2     	34.9     	33.9     	33.9     	33.4     	30.0     	29.1     	26.3     	25.1     
	2026-03-05  	11:46:48  	00:00:30  	         	75.5     	72.2     	73.2     	74.4     	72.0     	70.0     	62.7     	64.0     	63.2     	60.8     	69.0     	58.7     	57.3     	55.2     	56.6     	54.9     	59.8     	51.5     	49.5     	44.6     	38.5     	41.9     	38.6     	36.9     	37.1     	36.8     	35.2     	33.3     	33.2     	33.2     	34.2     	32.4     	28.8     	26.6     	25.2     	24.5     
	2026-03-05  	11:46:49  	00:00:31  	         	71.2     	74.0     	69.5     	69.2     	69.6     	70.3     	67.5     	66.3     	66.7     	64.8     	68.2     	62.9     	61.5     	59.7     	63.4     	56.2     	59.3     	51.2     	49.8     	46.6     	43.2     	45.3     	41.4     	39.0     	38.2     	37.3     	36.2     	34.2     	35.4     	32.7     	34.2     	33.0     	31.4     	29.6     	26.5     	25.1     
	2026-03-05  	11:46:50  	00:00:32  	         	77.2     	79.4     	71.8     	78.4     	85.5     	79.8     	75.5     	73.7     	70.3     	64.2     	69.1     	64.6     	62.6     	59.2     	60.1     	61.5     	60.2     	51.0     	50.9     	48.4     	45.1     	50.2     	48.4     	43.6     	46.2     	41.2     	40.5     	38.9     	38.0     	36.5     	36.0     	33.3     	30.0     	28.1     	26.2     	24.7     
	2026-03-05  	11:46:51  	00:00:33  	         	66.2     	78.3     	67.6     	71.0     	73.0     	71.3     	68.8     	69.2     	67.6     	62.4     	70.0     	63.3     	62.1     	59.6     	66.6     	59.3     	66.8     	58.6     	54.1     	45.2     	47.3     	43.4     	40.9     	38.2     	38.5     	36.7     	37.6     	36.5     	36.1     	36.4     	35.7     	32.9     	30.9     	28.5     	27.0     	25.3     
	2026-03-05  	11:46:52  	00:00:34  	         	74.6     	76.9     	73.6     	76.4     	79.6     	75.8     	68.2     	70.6     	67.4     	65.0     	70.9     	77.5     	62.6     	58.8     	58.3     	56.2     	57.7     	54.3     	58.0     	44.8     	45.7     	45.7     	40.2     	38.2     	39.7     	39.1     	37.8     	36.4     	36.9     	37.6     	36.0     	33.5     	32.6     	35.3     	31.7     	30.1     
	2026-03-05  	11:46:53  	00:00:35  	         	75.0     	73.7     	73.6     	75.4     	75.4     	72.5     	64.8     	69.9     	61.0     	62.6     	71.7     	75.1     	64.2     	59.3     	57.3     	56.7     	59.3     	52.7     	53.0     	44.4     	44.4     	44.0     	40.5     	37.6     	37.9     	35.9     	35.5     	32.8     	32.9     	32.8     	34.6     	33.8     	29.7     	31.1     	30.4     	28.6     
	2026-03-05  	11:46:54  	00:00:36  	         	65.3     	67.2     	73.9     	73.7     	69.7     	74.4     	62.1     	68.2     	66.8     	62.9     	73.6     	72.7     	61.5     	56.5     	56.7     	56.1     	58.7     	52.6     	50.4     	43.6     	43.5     	43.4     	41.5     	37.2     	36.7     	35.6     	35.7     	34.3     	35.7     	36.7     	37.8     	37.3     	36.4     	35.7     	34.1     	31.5     
	2026-03-05  	11:46:55  	00:00:37  	         	71.0     	71.4     	78.7     	77.9     	80.2     	78.8     	68.6     	68.5     	66.6     	64.0     	75.0     	77.1     	63.3     	57.3     	56.3     	55.6     	59.0     	52.0     	51.2     	43.7     	44.0     	42.9     	40.5     	36.9     	34.7     	33.2     	33.0     	29.2     	30.5     	32.2     	36.5     	32.3     	25.7     	24.3     	23.6     	23.9     
	2026-03-05  	11:46:56  	00:00:38  	         	77.5     	73.8     	80.7     	77.8     	79.1     	73.2     	66.4     	69.8     	68.3     	64.6     	74.4     	77.5     	63.9     	58.7     	56.9     	56.4     	59.3     	52.4     	52.7     	45.1     	43.0     	44.9     	40.5     	36.9     	35.5     	33.1     	33.2     	31.6     	30.6     	31.9     	32.2     	29.3     	25.3     	27.0     	25.7     	25.0     
	2026-03-05  	11:46:57  	00:00:39  	         	75.3     	69.8     	77.8     	78.7     	82.3     	74.5     	72.7     	73.0     	65.7     	67.3     	70.5     	76.7     	65.6     	66.4     	59.3     	57.8     	58.8     	55.0     	57.2     	49.4     	44.2     	48.3     	43.1     	38.1     	37.2     	34.6     	34.3     	33.3     	33.4     	34.7     	37.1     	36.7     	35.1     	33.9     	31.9     	29.7     
	2026-03-05  	11:46:58  	00:00:40  	         	76.5     	78.2     	79.3     	89.0     	89.8     	82.6     	79.8     	80.5     	67.9     	66.8     	71.4     	69.9     	69.7     	65.2     	68.9     	58.4     	60.4     	53.7     	55.4     	50.1     	46.4     	47.2     	49.8     	41.4     	39.5     	37.9     	35.6     	34.4     	34.1     	33.4     	33.9     	32.7     	28.6     	26.2     	24.6     	24.3     
	2026-03-05  	11:46:59  	00:00:41  	         	65.9     	75.5     	78.1     	85.8     	84.6     	78.0     	77.8     	72.6     	67.5     	66.5     	70.8     	72.3     	67.5     	63.1     	72.4     	60.5     	61.0     	53.5     	51.3     	54.9     	58.1     	45.5     	44.0     	41.4     	38.5     	37.2     	36.7     	32.6     	32.2     	32.8     	34.1     	31.6     	27.9     	26.3     	24.7     	24.2     
	2026-03-05  	11:47:00  	00:00:42  	         	69.5     	74.4     	78.6     	85.0     	87.0     	83.7     	80.3     	73.5     	70.5     	67.8     	71.5     	67.9     	65.7     	61.7     	69.8     	67.6     	60.5     	54.6     	51.9     	51.9     	53.0     	46.9     	44.7     	41.8     	40.1     	36.8     	37.4     	36.4     	35.7     	35.3     	36.6     	33.7     	31.0     	28.1     	25.9     	24.8     
	2026-03-05  	11:47:01  	00:00:43  	         	68.8     	80.6     	79.0     	83.8     	88.5     	84.6     	84.8     	84.3     	74.2     	70.3     	72.5     	69.4     	67.4     	62.4     	63.4     	62.7     	60.3     	54.6     	51.8     	56.0     	64.0     	50.4     	45.2     	41.9     	39.4     	37.6     	36.9     	36.6     	35.2     	35.5     	35.2     	33.0     	30.6     	29.0     	26.8     	25.4     
	2026-03-05  	11:47:02  	00:00:44  	         	71.5     	78.7     	82.7     	87.3     	86.1     	84.2     	83.0     	78.4     	71.9     	71.1     	72.3     	67.8     	65.8     	61.3     	61.4     	61.8     	61.2     	57.8     	54.3     	49.4     	65.3     	57.3     	45.6     	42.1     	41.8     	39.2     	38.4     	39.1     	35.8     	36.4     	37.4     	37.0     	35.9     	35.1     	33.4     	30.6     
	2026-03-05  	11:47:03  	00:00:45  	         	69.1     	73.8     	83.2     	87.7     	86.0     	78.4     	81.6     	86.5     	74.2     	72.8     	71.8     	70.3     	70.5     	63.4     	68.3     	62.1     	63.5     	54.5     	56.1     	48.0     	58.7     	56.9     	45.8     	43.0     	40.2     	37.8     	37.7     	39.5     	36.0     	33.9     	33.4     	32.8     	30.7     	28.2     	26.5     	25.1     
	2026-03-05  	11:47:04  	00:00:46  	         	78.2     	77.3     	84.3     	88.9     	87.7     	86.4     	82.7     	88.4     	81.5     	72.6     	75.4     	70.7     	68.9     	65.4     	67.4     	62.8     	63.4     	55.7     	54.6     	49.8     	57.3     	58.1     	48.9     	44.9     	43.6     	40.7     	39.7     	38.1     	37.5     	36.5     	36.6     	34.7     	32.5     	29.7     	27.1     	25.6     
	2026-03-05  	11:47:05  	00:00:47  	         	80.0     	78.7     	85.6     	87.7     	79.2     	82.2     	83.9     	82.6     	77.6     	72.8     	73.1     	70.2     	66.8     	60.2     	61.4     	58.4     	62.2     	54.5     	55.0     	49.6     	56.2     	58.4     	45.4     	43.4     	41.7     	38.7     	36.7     	36.5     	34.9     	34.8     	34.8     	32.8     	32.1     	31.6     	30.5     	28.5     
	2026-03-05  	11:47:06  	00:00:48  	         	81.8     	81.4     	81.8     	87.7     	86.1     	78.0     	83.0     	85.3     	76.0     	69.7     	73.2     	69.9     	66.5     	60.6     	61.1     	59.3     	62.9     	54.0     	53.1     	50.1     	57.9     	58.0     	46.0     	43.8     	42.8     	40.1     	42.2     	41.9     	42.9     	39.0     	39.2     	35.6     	36.6     	35.5     	31.6     	28.4     
	2026-03-05  	11:47:07  	00:00:49  	         	79.1     	75.2     	81.4     	86.2     	87.1     	82.2     	81.3     	85.5     	75.8     	71.1     	71.3     	69.8     	66.8     	61.6     	61.1     	60.2     	63.7     	53.5     	53.3     	50.1     	55.2     	54.0     	45.5     	42.9     	41.0     	36.7     	37.2     	36.8     	33.7     	33.2     	33.7     	32.8     	29.8     	28.8     	27.9     	26.6     
	2026-03-05  	11:47:08  	00:00:50  	         	71.5     	71.5     	82.6     	86.6     	91.6     	86.4     	84.5     	83.2     	74.3     	73.2     	73.2     	72.7     	69.2     	62.5     	66.5     	62.3     	62.6     	53.8     	52.6     	49.1     	54.7     	56.3     	46.0     	43.9     	42.0     	38.1     	37.9     	38.5     	36.9     	37.6     	39.1     	38.0     	36.4     	34.4     	32.2     	29.5     
	2026-03-05  	11:47:09  	00:00:51  	         	71.9     	84.1     	89.1     	88.7     	95.3     	86.0     	83.0     	79.7     	74.4     	72.3     	71.7     	71.0     	66.9     	63.3     	63.0     	62.4     	62.9     	53.6     	52.9     	49.1     	55.1     	57.3     	47.3     	44.5     	45.5     	40.7     	39.5     	39.2     	38.5     	37.1     	36.3     	34.2     	32.8     	30.8     	28.8     	26.1     
	2026-03-05  	11:47:10  	00:00:52  	         	76.0     	83.8     	90.7     	90.4     	89.5     	82.4     	81.2     	78.5     	71.6     	70.0     	72.5     	68.3     	66.5     	62.5     	60.3     	61.6     	63.2     	52.6     	52.1     	48.2     	59.1     	55.0     	45.1     	42.9     	45.8     	38.5     	36.7     	37.4     	35.3     	33.8     	35.7     	31.3     	27.8     	25.9     	24.6     	24.3     
	2026-03-05  	11:47:11  	00:00:53  	         	77.1     	74.0     	79.8     	89.8     	90.1     	81.6     	78.8     	78.4     	69.8     	65.0     	70.8     	70.0     	67.7     	61.4     	61.2     	62.4     	63.7     	53.6     	52.3     	48.8     	57.8     	53.5     	44.8     	43.6     	43.7     	38.7     	37.4     	37.3     	33.9     	33.7     	32.3     	31.8     	27.9     	25.7     	24.5     	24.3     
	2026-03-05  	11:47:12  	00:00:54  	         	64.4     	73.2     	78.1     	76.8     	83.6     	79.9     	79.4     	79.1     	66.1     	65.1     	70.4     	69.7     	65.0     	60.4     	63.5     	66.6     	63.8     	54.7     	52.1     	51.2     	57.1     	47.4     	43.0     	41.4     	40.2     	37.9     	35.5     	33.1     	33.5     	32.0     	34.1     	31.2     	25.6     	23.6     	23.2     	23.7     
	2026-03-05  	11:47:13  	00:00:55  	         	69.4     	66.8     	79.2     	82.9     	82.5     	78.1     	83.1     	80.9     	72.3     	66.4     	71.8     	70.5     	68.4     	63.1     	65.3     	67.5     	60.7     	54.7     	53.2     	51.4     	50.9     	46.6     	44.7     	42.7     	41.3     	38.7     	37.5     	35.1     	35.4     	32.9     	34.4     	33.0     	27.8     	25.7     	24.6     	24.3     
	2026-03-05  	11:47:14  	00:00:56  	         	71.6     	68.8     	79.7     	81.5     	84.9     	84.0     	80.4     	76.0     	70.9     	68.5     	71.2     	70.6     	66.9     	64.5     	64.8     	62.2     	56.2     	56.0     	53.5     	57.0     	50.3     	46.4     	46.9     	49.1     	46.8     	41.0     	38.3     	35.6     	34.3     	34.1     	34.2     	30.2     	27.8     	26.3     	25.1     	24.4     
	2026-03-05  	11:47:15  	00:00:57  	         	66.8     	71.2     	81.6     	90.0     	90.7     	84.2     	79.5     	74.9     	69.0     	67.7     	70.8     	70.5     	68.2     	63.4     	63.4     	61.8     	56.2     	53.2     	51.4     	53.0     	51.9     	47.0     	46.2     	47.1     	45.8     	41.5     	40.0     	36.5     	33.9     	33.7     	35.3     	35.0     	28.9     	28.0     	26.6     	25.0     
	2026-03-05  	11:47:16  	00:00:58  	         	73.5     	72.6     	83.9     	89.8     	86.6     	79.5     	84.8     	78.6     	72.2     	69.0     	73.9     	69.1     	64.6     	61.1     	62.7     	62.9     	54.7     	55.0     	52.3     	54.7     	56.9     	48.2     	44.0     	44.4     	39.0     	37.0     	36.2     	32.6     	34.3     	37.2     	33.5     	31.6     	29.1     	27.4     	28.0     	26.7     
	2026-03-05  	11:47:17  	00:00:59  	         	74.4     	79.0     	82.9     	92.1     	88.2     	82.4     	79.4     	79.5     	72.4     	71.4     	75.0     	73.0     	68.4     	61.5     	62.0     	64.8     	56.0     	54.0     	52.6     	54.5     	59.1     	50.2     	44.7     	46.0     	39.0     	36.4     	36.0     	33.9     	34.5     	32.0     	32.6     	30.4     	26.4     	24.3     	23.7     	23.8     
	2026-03-05  	11:47:18  	00:01:00  	         	80.8     	84.5     	90.0     	97.9     	93.3     	88.9     	88.1     	79.4     	80.8     	71.9     	77.5     	74.1     	69.3     	63.9     	62.7     	60.3     	56.2     	55.2     	53.9     	52.0     	54.3     	50.0     	48.2     	46.8     	43.9     	41.7     	41.0     	39.9     	38.9     	35.7     	36.1     	32.7     	29.3     	26.9     	24.9     	24.3     
	2026-03-05  	11:47:19  	00:01:01  	         	78.8     	81.0     	94.0     	96.6     	91.3     	91.6     	82.8     	82.0     	71.1     	76.4     	72.6     	73.3     	70.7     	63.0     	62.0     	60.6     	55.8     	53.4     	52.5     	51.7     	52.8     	48.9     	46.8     	46.1     	44.6     	42.1     	39.4     	37.9     	41.6     	40.0     	39.9     	36.3     	34.5     	30.2     	28.9     	26.3     
	2026-03-05  	11:47:20  	00:01:02  	         	76.2     	84.8     	94.0     	92.3     	89.2     	91.5     	85.9     	82.3     	76.7     	73.9     	77.0     	74.0     	70.7     	66.6     	61.9     	62.3     	58.2     	56.0     	54.3     	51.3     	52.3     	49.6     	48.2     	46.0     	42.5     	40.5     	41.4     	40.1     	41.0     	38.2     	38.6     	35.2     	30.8     	28.1     	26.7     	24.9     
	2026-03-05  	11:47:21  	00:01:03  	         	71.7     	77.1     	84.1     	84.5     	84.7     	77.8     	81.8     	86.0     	75.8     	73.9     	77.2     	79.5     	74.8     	68.7     	64.4     	61.0     	53.8     	52.8     	51.2     	53.3     	52.0     	45.0     	43.2     	42.4     	40.4     	39.4     	38.3     	36.6     	34.8     	34.8     	35.4     	33.2     	30.3     	29.0     	29.6     	26.5     
	2026-03-05  	11:47:22  	00:01:04  	         	74.2     	76.1     	85.1     	82.0     	81.8     	77.9     	81.2     	87.0     	72.7     	69.7     	73.3     	70.9     	72.0     	66.6     	65.7     	57.6     	55.0     	52.0     	55.3     	57.1     	49.6     	44.6     	44.8     	39.7     	37.4     	37.9     	34.8     	32.0     	32.2     	32.0     	32.9     	29.6     	27.1     	25.4     	24.2     	24.1     
	2026-03-05  	11:47:23  	00:01:05  	         	68.6     	75.2     	78.5     	85.2     	79.3     	85.9     	74.7     	75.0     	71.2     	70.1     	71.0     	74.0     	69.5     	65.4     	60.1     	57.1     	53.7     	56.0     	59.0     	48.2     	43.3     	49.0     	43.7     	38.5     	38.1     	35.1     	34.2     	33.0     	31.2     	29.7     	30.8     	27.6     	26.3     	24.4     	23.7     	23.9     
	2026-03-05  	11:47:24  	00:01:06  	         	63.5     	69.7     	77.2     	73.8     	77.1     	80.9     	76.4     	78.8     	70.9     	71.7     	72.1     	67.8     	65.6     	61.1     	58.4     	60.3     	61.8     	54.7     	52.9     	48.9     	45.2     	45.8     	47.9     	38.8     	35.3     	34.0     	34.7     	33.0     	33.4     	31.5     	30.6     	29.0     	28.8     	26.5     	25.9     	24.5     
	2026-03-05  	11:47:25  	00:01:07  	         	68.7     	76.7     	76.0     	68.7     	70.8     	67.6     	67.9     	75.0     	66.5     	61.8     	68.9     	62.2     	58.4     	58.0     	58.2     	55.7     	49.9     	50.5     	51.2     	45.4     	40.8     	43.5     	37.1     	37.2     	35.2     	33.9     	34.5     	31.5     	31.1     	29.9     	29.8     	28.1     	27.0     	26.1     	25.1     	24.6     
	2026-03-05  	11:47:26  	00:01:08  	         	78.0     	75.0     	62.5     	69.0     	72.8     	72.2     	69.2     	70.2     	66.4     	62.5     	68.5     	58.8     	60.6     	56.4     	55.5     	54.4     	50.5     	50.6     	51.7     	45.6     	39.0     	42.1     	40.7     	38.7     	36.5     	37.3     	37.9     	36.8     	37.1     	37.2     	35.1     	33.4     	33.1     	30.6     	28.8     	26.8     
	2026-03-05  	11:47:27  	00:01:09  	         	73.3     	69.9     	69.6     	68.4     	68.4     	65.5     	61.7     	60.8     	56.0     	59.9     	67.7     	57.4     	57.0     	54.2     	57.4     	54.8     	49.4     	50.7     	50.1     	44.6     	39.6     	41.6     	39.3     	40.3     	39.0     	37.8     	38.9     	38.3     	37.4     	36.7     	35.3     	32.2     	31.3     	29.2     	27.8     	26.1     
	2026-03-05  	11:47:28  	00:01:10  	         	86.8     	81.3     	82.6     	84.9     	80.2     	76.0     	70.2     	66.0     	64.2     	75.8     	71.9     	67.8     	69.5     	68.4     	65.1     	64.6     	58.3     	56.0     	53.2     	46.1     	48.5     	52.9     	54.1     	48.9     	45.8     	44.2     	43.8     	43.1     	41.7     	39.3     	39.7     	38.3     	40.9     	38.1     	30.7     	28.2     
	2026-03-05  	11:47:29  	00:01:11  	         	87.4     	84.1     	69.5     	63.0     	68.9     	67.0     	54.0     	62.9     	60.2     	69.7     	69.5     	66.4     	75.6     	70.0     	65.9     	63.8     	61.6     	62.2     	55.5     	48.1     	42.9     	47.3     	46.3     	42.7     	42.1     	41.5     	39.5     	39.0     	39.3     	36.7     	35.4     	33.7     	32.3     	27.9     	26.7     	25.8     
	2026-03-05  	11:47:30  	00:01:12  	         	78.3     	84.1     	71.8     	75.3     	78.5     	76.0     	68.8     	64.9     	67.3     	71.4     	73.3     	65.7     	67.2     	66.0     	58.4     	55.8     	50.4     	51.4     	48.6     	43.5     	37.8     	42.3     	39.4     	37.8     	36.7     	35.3     	35.0     	33.2     	34.5     	33.9     	33.5     	32.0     	30.3     	28.4     	26.5     	25.3     
	2026-03-05  	11:47:31  	00:01:13  	         	64.0     	69.4     	73.3     	57.3     	61.7     	57.5     	51.8     	60.9     	58.7     	61.7     	65.2     	57.5     	57.6     	53.2     	57.5     	55.5     	49.3     	48.5     	48.7     	42.5     	38.1     	41.4     	39.9     	38.0     	39.8     	38.2     	35.7     	36.6     	35.5     	33.0     	30.8     	30.2     	30.0     	26.5     	24.9     	24.4     
	2026-03-05  	11:47:32  	00:01:14  	         	60.6     	63.2     	70.7     	57.7     	64.3     	61.5     	53.8     	58.5     	56.5     	66.6     	67.4     	59.0     	56.3     	54.0     	58.5     	56.6     	49.9     	48.3     	48.1     	44.1     	37.8     	41.3     	40.0     	40.7     	39.8     	37.5     	36.3     	34.1     	35.1     	32.8     	32.0     	29.7     	27.8     	25.4     	24.1     	24.0     
	2026-03-05  	11:47:33  	00:01:15  	         	56.4     	70.4     	66.0     	61.8     	69.0     	63.8     	62.0     	66.2     	68.7     	72.8     	69.7     	63.6     	64.9     	65.3     	59.6     	58.7     	56.2     	51.9     	50.9     	44.8     	41.7     	46.7     	46.6     	42.4     	41.5     	42.7     	45.9     	56.2     	55.6     	47.5     	40.7     	37.7     	36.6     	39.1     	38.8     	31.9     
	2026-03-05  	11:47:34  	00:01:16  	         	69.3     	74.2     	76.5     	82.0     	85.3     	79.6     	67.2     	73.7     	72.5     	75.6     	70.9     	64.8     	61.3     	62.1     	57.9     	57.3     	51.5     	51.4     	49.7     	41.5     	40.4     	45.7     	45.1     	39.8     	39.4     	40.1     	45.1     	57.0     	55.8     	47.5     	40.2     	38.1     	36.5     	38.8     	38.8     	31.8     
	2026-03-05  	11:47:35  	00:01:17  	         	80.1     	81.5     	80.5     	78.3     	81.2     	79.4     	77.8     	72.0     	77.0     	82.5     	76.6     	75.8     	80.8     	76.1     	67.3     	64.4     	60.3     	56.6     	53.9     	49.0     	47.8     	50.9     	53.0     	50.7     	46.0     	45.6     	48.3     	57.4     	57.7     	49.2     	42.8     	43.8     	39.1     	40.6     	40.1     	32.4     
	2026-03-05  	11:47:36  	00:01:18  	         	85.9     	79.8     	73.2     	80.7     	77.4     	72.5     	64.0     	66.1     	62.2     	68.3     	65.5     	55.8     	57.8     	52.4     	55.1     	53.7     	45.3     	47.0     	48.1     	38.1     	35.2     	39.3     	36.7     	33.9     	36.7     	42.4     	41.6     	57.3     	58.3     	48.2     	39.3     	35.9     	35.1     	37.5     	41.5     	31.7     
	2026-03-05  	11:47:37  	00:01:19  	         	68.9     	66.9     	64.5     	73.7     	69.5     	65.0     	64.4     	69.5     	64.8     	64.4     	65.4     	60.6     	59.2     	58.8     	57.5     	55.4     	49.1     	51.9     	50.2     	41.9     	40.1     	39.0     	40.4     	36.6     	38.5     	39.2     	38.6     	42.5     	43.1     	40.2     	38.5     	36.2     	33.8     	31.1     	29.6     	26.8     
	2026-03-05  	11:47:38  	00:01:20  	         	70.0     	68.9     	66.7     	68.9     	68.6     	65.0     	60.4     	63.5     	61.7     	63.7     	65.3     	60.3     	60.6     	57.3     	56.8     	55.3     	51.5     	52.8     	54.2     	55.3     	40.7     	36.9     	41.8     	36.2     	39.2     	36.8     	35.8     	39.8     	40.7     	37.4     	36.7     	33.5     	34.4     	32.9     	31.2     	27.7     
	2026-03-05  	11:47:39  	00:01:21  	         	66.2     	74.5     	66.1     	69.9     	69.1     	64.3     	67.8     	74.7     	68.0     	66.8     	67.2     	62.0     	61.1     	62.3     	66.8     	57.1     	49.9     	52.5     	51.4     	47.4     	51.4     	50.7     	45.4     	36.2     	37.2     	33.7     	32.9     	32.7     	34.3     	33.6     	32.8     	31.4     	29.9     	28.0     	25.8     	24.7     
	2026-03-05  	11:47:40  	00:01:22  	         	64.0     	73.2     	77.4     	83.6     	81.7     	81.0     	70.8     	71.1     	68.4     	72.2     	67.9     	65.6     	62.5     	61.1     	64.3     	61.9     	65.9     	55.5     	50.0     	46.3     	45.5     	47.0     	52.5     	43.8     	45.8     	45.3     	44.1     	43.4     	43.6     	43.6     	42.8     	40.3     	37.5     	33.7     	29.7     	26.7     
	2026-03-05  	11:47:41  	00:01:23  	         	63.7     	66.0     	76.0     	80.7     	82.1     	79.2     	70.1     	71.3     	71.4     	71.3     	72.8     	71.1     	66.6     	63.0     	68.0     	59.9     	58.7     	61.9     	59.7     	44.8     	47.6     	48.3     	42.5     	40.5     	40.8     	41.2     	40.1     	41.3     	42.8     	39.7     	40.3     	38.6     	33.9     	29.8     	26.7     	24.9     
	2026-03-05  	11:47:42  	00:01:24  	         	80.1     	80.9     	86.5     	89.4     	91.9     	90.5     	84.2     	78.0     	74.1     	75.6     	77.5     	77.5     	69.4     	68.3     	66.7     	60.6     	56.3     	59.2     	61.8     	51.3     	47.1     	49.2     	47.7     	45.0     	43.2     	40.4     	37.4     	36.5     	37.4     	34.9     	34.5     	30.5     	29.9     	26.7     	25.2     	24.4     
	2026-03-05  	11:47:43  	00:01:25  	         	80.1     	85.7     	92.3     	97.4     	98.3     	93.9     	92.8     	90.8     	82.8     	76.3     	78.7     	77.9     	76.8     	69.6     	68.7     	62.5     	59.3     	55.2     	54.2     	54.4     	56.7     	53.4     	56.0     	59.0     	59.4     	57.6     	56.1     	55.6     	54.3     	56.5     	55.2     	56.0     	53.9     	52.7     	50.4     	41.5     
	2026-03-05  	11:47:44  	00:01:26  	         	77.3     	89.6     	96.0     	100.8    	98.9     	92.2     	95.1     	89.9     	82.8     	77.2     	80.6     	80.6     	78.4     	70.3     	72.1     	65.1     	60.7     	55.7     	53.7     	52.5     	55.0     	52.5     	52.0     	50.6     	48.6     	47.7     	47.2     	42.6     	44.4     	40.3     	39.5     	37.0     	36.3     	35.1     	33.6     	31.9     
	2026-03-05  	11:47:45  	00:01:27  	         	79.6     	92.9     	93.4     	99.2     	100.1    	92.3     	90.4     	89.6     	82.9     	81.5     	80.5     	79.1     	77.5     	69.2     	68.3     	62.9     	60.6     	55.3     	53.8     	53.0     	53.7     	51.1     	50.6     	49.2     	46.6     	44.2     	43.2     	41.5     	41.4     	39.1     	43.6     	38.2     	34.6     	33.4     	30.4     	28.2     
	2026-03-05  	11:47:46  	00:01:28  	         	77.0     	90.3     	94.3     	97.7     	97.3     	96.8     	87.7     	88.5     	85.4     	81.9     	80.4     	81.3     	79.7     	71.5     	77.1     	71.9     	62.0     	56.5     	55.4     	55.3     	56.1     	53.5     	52.0     	50.5     	48.7     	46.4     	45.7     	43.7     	44.8     	40.2     	38.2     	36.0     	34.9     	34.0     	32.3     	29.0     
	2026-03-05  	11:47:47  	00:01:29  	         	86.5     	87.0     	90.7     	101.8    	106.6    	101.5    	92.1     	90.5     	85.2     	83.5     	83.9     	82.9     	79.4     	74.0     	76.6     	71.7     	64.5     	60.9     	60.6     	56.5     	59.8     	57.6     	56.3     	55.0     	52.4     	49.2     	49.0     	47.1     	47.7     	44.1     	47.7     	43.2     	40.6     	37.1     	32.0     	28.6     
	2026-03-05  	11:47:48  	00:01:30  	         	83.2     	96.3     	100.5    	103.7    	98.6     	98.0     	94.4     	90.6     	84.6     	80.5     	82.6     	81.9     	79.3     	71.3     	73.4     	69.6     	65.2     	59.1     	59.5     	55.3     	57.9     	55.0     	53.6     	53.3     	52.1     	49.8     	48.1     	48.3     	48.8     	49.7     	48.8     	46.1     	44.1     	42.4     	40.6     	34.6     
	2026-03-05  	11:47:49  	00:01:31  	         	85.2     	96.1     	101.9    	100.2    	100.6    	95.2     	92.1     	92.0     	84.3     	82.5     	83.1     	82.6     	80.0     	69.8     	69.8     	66.6     	62.0     	60.0     	57.6     	54.1     	57.0     	55.3     	54.0     	54.0     	52.3     	50.4     	49.4     	49.2     	50.3     	50.4     	48.0     	47.3     	46.2     	41.8     	39.2     	35.5     
	2026-03-05  	11:47:50  	00:01:32  	         	84.9     	89.3     	97.3     	95.6     	97.5     	97.2     	86.6     	89.6     	79.9     	78.7     	79.7     	79.4     	76.1     	68.2     	68.8     	64.3     	59.3     	55.2     	53.8     	53.4     	53.9     	50.3     	48.5     	47.4     	45.5     	42.0     	41.6     	40.2     	42.2     	39.5     	42.7     	34.7     	32.4     	29.8     	27.1     	25.2     
	2026-03-05  	11:47:51  	00:01:33  	         	82.3     	96.0     	99.2     	99.1     	103.0    	96.1     	95.2     	89.2     	87.6     	83.8     	83.0     	82.1     	79.6     	74.6     	73.7     	67.7     	64.7     	61.6     	60.2     	57.6     	63.1     	58.0     	57.0     	57.4     	55.6     	54.0     	52.5     	51.9     	54.2     	53.8     	52.5     	50.9     	51.3     	46.5     	43.6     	38.9     
	2026-03-05  	11:47:52  	00:01:34  	         	82.2     	96.5     	103.4    	100.2    	101.1    	91.6     	92.8     	92.3     	84.3     	78.9     	79.6     	81.8     	75.7     	71.7     	71.4     	68.8     	60.0     	58.7     	55.3     	55.6     	58.4     	52.0     	50.6     	49.7     	47.2     	44.3     	44.1     	42.4     	42.8     	40.5     	41.5     	38.5     	37.5     	34.1     	31.6     	27.8     
	2026-03-05  	11:47:53  	00:01:35  	         	76.6     	88.7     	92.1     	94.7     	96.6     	94.4     	90.1     	91.4     	79.3     	76.6     	76.1     	75.8     	69.2     	64.7     	71.4     	66.9     	60.5     	58.0     	57.5     	57.5     	59.1     	54.5     	53.0     	49.6     	46.8     	44.5     	42.8     	41.8     	45.6     	41.5     	39.8     	38.9     	33.4     	29.7     	27.6     	25.5     
	2026-03-05  	11:47:54  	00:01:36  	         	77.0     	86.6     	90.4     	95.3     	95.5     	95.3     	87.4     	88.5     	78.3     	81.4     	80.5     	78.8     	76.8     	69.6     	70.2     	66.8     	63.0     	59.9     	57.8     	56.2     	56.4     	54.9     	53.7     	53.1     	51.1     	47.1     	47.6     	44.4     	48.4     	43.9     	45.4     	38.9     	34.9     	32.8     	28.0     	25.8     
	2026-03-05  	11:47:55  	00:01:37  	         	84.3     	87.7     	99.2     	93.8     	101.1    	97.7     	94.2     	89.5     	81.4     	78.7     	78.8     	77.4     	75.0     	69.5     	73.2     	68.9     	60.3     	60.2     	58.0     	58.1     	58.7     	56.4     	54.7     	52.1     	49.1     	45.5     	44.4     	41.9     	44.8     	40.1     	44.2     	41.1     	33.4     	32.3     	28.6     	25.8     
	2026-03-05  	11:47:56  	00:01:38  	         	72.7     	83.9     	96.7     	94.6     	96.4     	90.1     	88.2     	83.3     	77.7     	76.0     	70.5     	70.9     	68.6     	68.1     	65.2     	59.6     	56.9     	54.7     	57.9     	52.2     	47.8     	52.0     	47.0     	43.6     	42.6     	42.7     	40.5     	42.0     	42.3     	37.6     	37.4     	35.1     	30.9     	28.3     	26.0     	24.8     
	2026-03-05  	11:47:57  	00:01:39  	         	68.9     	77.6     	82.6     	84.3     	84.2     	89.8     	77.7     	76.6     	72.3     	66.3     	73.2     	73.1     	65.5     	60.1     	59.7     	56.3     	53.9     	54.0     	53.1     	43.7     	44.9     	45.8     	42.6     	41.1     	40.8     	39.2     	38.1     	37.2     	35.6     	36.7     	37.8     	34.7     	31.0     	28.8     	26.6     	25.1     
	2026-03-05  	11:47:58  	00:01:40  	         	71.7     	74.8     	81.7     	85.9     	84.4     	86.6     	75.6     	71.7     	65.0     	66.3     	70.3     	66.5     	65.3     	57.9     	58.2     	57.0     	53.4     	58.0     	51.3     	44.6     	46.9     	44.8     	40.8     	39.7     	40.0     	36.8     	36.7     	34.7     	33.5     	34.1     	35.4     	32.9     	29.6     	26.4     	25.7     	25.0     
	2026-03-05  	11:47:59  	00:01:41  	         	68.4     	82.2     	93.3     	90.6     	90.5     	87.6     	83.7     	91.5     	75.1     	73.5     	74.4     	76.6     	70.3     	63.8     	68.7     	61.9     	54.3     	59.1     	56.7     	46.4     	47.3     	49.2     	43.2     	42.5     	42.4     	39.6     	37.9     	37.4     	36.7     	35.0     	34.8     	32.6     	28.9     	27.1     	25.8     	24.5     
	2026-03-05  	11:48:00  	00:01:42  	         	68.0     	76.0     	87.6     	89.6     	97.6     	88.8     	85.0     	85.8     	84.1     	77.5     	76.8     	78.7     	73.4     	68.5     	68.0     	63.2     	58.0     	55.1     	61.0     	53.7     	54.4     	53.0     	54.1     	56.5     	56.7     	54.5     	54.3     	52.8     	54.9     	57.4     	53.8     	52.4     	52.4     	48.8     	48.1     	40.4     
	2026-03-05  	11:48:01  	00:01:43  	         	79.1     	92.7     	92.7     	98.2     	102.4    	96.7     	90.5     	87.1     	83.9     	81.2     	81.6     	82.0     	78.2     	72.4     	76.6     	71.1     	65.8     	58.5     	57.1     	54.3     	55.9     	54.1     	53.6     	55.7     	55.9     	53.7     	53.1     	50.8     	53.9     	56.5     	53.0     	51.7     	51.9     	48.8     	47.3     	39.6     
	2026-03-05  	11:48:02  	00:01:44  	         	83.7     	92.7     	99.2     	100.9    	97.4     	91.1     	91.4     	88.3     	82.6     	78.0     	78.4     	77.2     	74.5     	67.5     	66.1     	64.0     	60.5     	56.0     	55.3     	51.5     	52.5     	52.0     	50.2     	47.5     	45.6     	43.5     	42.0     	39.5     	41.5     	40.3     	40.7     	38.1     	34.5     	31.4     	31.0     	28.1     
	2026-03-05  	11:48:03  	00:01:45  	         	81.9     	82.4     	95.8     	92.6     	91.3     	86.4     	77.7     	80.4     	79.0     	71.9     	73.3     	73.0     	71.7     	62.7     	66.5     	60.0     	55.1     	52.8     	50.4     	47.5     	46.7     	51.0     	47.9     	44.3     	41.2     	39.1     	38.5     	36.7     	37.1     	36.2     	35.4     	34.1     	30.6     	29.8     	27.9     	26.3     
	2026-03-05  	11:48:04  	00:01:46  	         	71.9     	79.2     	84.8     	92.5     	88.6     	88.4     	81.3     	83.7     	79.3     	73.3     	76.5     	75.8     	73.2     	65.5     	67.5     	60.2     	55.6     	51.3     	50.8     	48.9     	46.5     	50.7     	47.1     	43.6     	41.9     	40.1     	38.6     	37.6     	36.0     	36.7     	37.4     	35.6     	32.8     	31.1     	28.9     	27.0     
	2026-03-05  	11:48:05  	00:01:47  	         	75.0     	80.0     	90.4     	97.1     	95.0     	97.3     	85.1     	88.7     	80.3     	77.0     	78.5     	78.4     	75.6     	68.6     	73.5     	67.6     	58.7     	54.4     	52.7     	54.1     	52.6     	50.5     	49.4     	47.2     	44.1     	44.7     	42.8     	39.7     	40.6     	35.9     	36.0     	34.0     	29.6     	28.2     	26.0     	24.9     
	2026-03-05  	11:48:06  	00:01:48  	         	83.8     	85.4     	90.0     	93.6     	95.6     	94.0     	90.9     	89.4     	81.1     	75.2     	80.9     	79.8     	73.1     	68.8     	72.6     	65.2     	60.1     	56.8     	54.5     	54.8     	63.1     	50.4     	49.2     	47.6     	44.9     	41.9     	42.5     	38.0     	41.6     	36.8     	39.4     	36.3     	30.9     	27.7     	25.1     	24.2     
	2026-03-05  	11:48:07  	00:01:49  	         	76.0     	92.2     	92.1     	92.0     	97.1     	92.3     	91.0     	88.8     	80.3     	76.8     	78.0     	77.0     	72.2     	67.2     	69.5     	68.1     	59.9     	56.4     	53.8     	54.5     	57.9     	51.5     	51.5     	51.4     	50.8     	49.2     	48.4     	46.7     	49.2     	50.0     	48.1     	44.9     	45.8     	44.3     	40.7     	35.9     
	2026-03-05  	11:48:08  	00:01:50  	         	77.9     	95.8     	94.0     	97.5     	89.2     	97.3     	88.7     	88.6     	81.2     	77.5     	79.6     	79.2     	76.4     	70.2     	66.7     	63.7     	59.8     	56.4     	53.9     	54.0     	53.7     	53.1     	52.0     	49.3     	47.6     	44.2     	43.9     	42.0     	46.1     	39.8     	37.9     	35.8     	32.5     	29.7     	27.5     	25.7     
	2026-03-05  	11:48:09  	00:01:51  	         	81.5     	93.5     	91.1     	95.1     	96.1     	97.2     	90.6     	91.2     	80.6     	79.3     	81.3     	79.5     	76.9     	68.1     	69.3     	65.1     	60.2     	54.9     	53.2     	51.0     	50.6     	50.0     	49.1     	47.0     	44.4     	41.7     	40.5     	36.8     	42.1     	36.9     	40.0     	38.6     	29.1     	26.2     	24.6     	24.0     
	2026-03-05  	11:48:10  	00:01:52  	         	83.9     	91.6     	96.1     	94.8     	94.1     	94.4     	89.4     	89.8     	79.7     	79.5     	81.7     	79.9     	77.4     	70.4     	72.0     	68.8     	61.4     	56.5     	54.8     	53.5     	53.8     	52.2     	50.6     	48.2     	47.0     	43.6     	43.4     	40.3     	45.5     	39.5     	40.8     	37.0     	31.6     	28.5     	26.7     	24.8     
	2026-03-05  	11:48:11  	00:01:53  	         	80.9     	94.5     	95.8     	97.8     	95.3     	94.0     	87.4     	85.9     	81.8     	79.8     	79.0     	81.4     	78.9     	69.0     	72.9     	67.0     	60.4     	56.7     	55.8     	52.7     	52.6     	51.0     	49.5     	47.9     	45.8     	43.3     	43.9     	41.4     	44.9     	40.2     	42.0     	38.3     	35.5     	30.6     	27.0     	25.0     
	2026-03-05  	11:48:12  	00:01:54  	         	80.6     	91.5     	98.9     	100.9    	96.7     	93.2     	90.6     	84.9     	77.8     	78.0     	77.8     	76.8     	75.2     	68.5     	66.8     	61.1     	58.2     	55.4     	55.3     	50.8     	53.4     	52.4     	52.1     	49.6     	46.9     	43.3     	43.5     	41.1     	45.0     	40.6     	44.4     	43.2     	34.8     	31.7     	28.5     	25.8     
	2026-03-05  	11:48:13  	00:01:55  	         	80.0     	93.0     	99.1     	98.4     	97.6     	91.3     	88.5     	85.4     	79.7     	78.2     	77.0     	74.2     	70.0     	66.4     	62.7     	59.8     	56.1     	55.4     	54.1     	50.1     	49.2     	51.6     	49.2     	47.0     	44.0     	40.7     	40.8     	38.6     	42.1     	37.3     	35.2     	33.8     	29.6     	27.8     	25.6     	24.5     
	2026-03-05  	11:48:14  	00:01:56  	         	81.3     	88.2     	88.2     	92.2     	92.6     	86.7     	81.6     	85.1     	73.0     	68.6     	72.3     	70.4     	67.6     	63.2     	59.7     	55.3     	56.5     	57.2     	53.8     	45.9     	46.0     	45.3     	42.7     	41.5     	39.8     	36.2     	35.6     	34.1     	33.7     	34.7     	34.8     	32.8     	26.9     	24.1     	23.5     	23.9     
	2026-03-05  	11:48:15  	00:01:57  	         	76.4     	84.4     	80.5     	88.3     	85.4     	80.5     	82.8     	80.2     	70.9     	68.3     	70.0     	64.2     	64.6     	59.3     	59.2     	56.4     	56.1     	52.5     	48.1     	44.0     	41.9     	43.1     	38.7     	37.8     	37.1     	35.5     	35.0     	32.9     	31.9     	32.9     	33.1     	30.9     	26.4     	24.2     	23.7     	23.8     
	2026-03-05  	11:48:16  	00:01:58  	         	70.0     	72.2     	81.2     	83.4     	83.8     	84.4     	74.2     	77.6     	70.9     	68.7     	70.9     	68.9     	65.7     	59.1     	58.8     	61.0     	55.9     	50.3     	49.3     	45.2     	41.5     	44.1     	43.9     	39.5     	38.3     	36.6     	36.3     	36.3     	34.9     	34.8     	35.2     	32.7     	27.8     	25.3     	24.1     	24.1     
	2026-03-05  	11:48:17  	00:01:59  	         	77.8     	82.5     	90.2     	90.5     	87.0     	82.2     	72.3     	72.7     	68.2     	67.5     	72.1     	69.1     	66.9     	63.4     	61.6     	62.2     	66.9     	54.7     	49.3     	45.5     	44.2     	44.4     	43.2     	39.8     	39.2     	38.1     	37.2     	40.4     	35.0     	35.5     	35.2     	32.6     	28.5     	27.5     	26.4     	24.7     
	2026-03-05  	11:48:18  	00:02:00  	         	77.5     	80.9     	81.4     	85.8     	79.9     	80.3     	82.6     	80.3     	72.9     	72.4     	72.7     	73.2     	69.2     	65.1     	66.9     	56.8     	65.8     	62.6     	50.4     	45.6     	48.0     	45.4     	44.0     	43.3     	42.2     	41.6     	39.9     	47.3     	37.3     	36.1     	36.1     	33.4     	28.9     	27.4     	26.7     	25.1     
	2026-03-05  	11:48:19  	00:02:01  	         	69.4     	73.5     	76.4     	80.1     	84.5     	83.6     	80.2     	83.5     	70.7     	72.0     	70.8     	76.9     	69.4     	63.1     	63.9     	57.4     	54.1     	63.8     	59.2     	44.7     	45.8     	47.1     	41.8     	42.2     	40.8     	37.7     	37.4     	37.8     	34.3     	36.0     	33.4     	30.1     	26.3     	24.9     	24.5     	24.1     
	2026-03-05  	11:48:20  	00:02:02  	         	69.4     	75.9     	77.4     	81.5     	81.4     	80.0     	74.1     	73.8     	72.4     	71.3     	72.9     	74.8     	70.1     	65.0     	60.4     	59.5     	54.4     	59.5     	64.0     	51.4     	45.6     	48.5     	45.1     	41.7     	40.0     	37.6     	37.0     	34.1     	32.7     	33.1     	33.3     	31.1     	27.5     	25.7     	24.4     	24.1     
	2026-03-05  	11:48:21  	00:02:03  	         	80.3     	84.6     	82.5     	92.3     	95.3     	91.6     	86.8     	85.6     	77.7     	74.7     	77.1     	75.2     	73.2     	65.9     	67.4     	61.5     	58.8     	54.0     	57.8     	51.4     	49.2     	49.2     	46.9     	45.3     	44.0     	42.5     	41.5     	39.1     	39.5     	39.5     	40.6     	37.5     	35.0     	32.2     	30.5     	27.6     
	2026-03-05  	11:48:22  	00:02:04  	         	81.4     	83.4     	85.9     	93.6     	99.1     	92.5     	89.4     	87.7     	78.3     	77.2     	78.4     	77.9     	74.0     	66.4     	70.6     	61.3     	58.8     	55.3     	52.9     	52.6     	50.5     	50.3     	48.7     	47.4     	44.8     	42.8     	41.0     	38.7     	41.0     	37.7     	36.3     	34.1     	32.7     	30.1     	27.7     	25.6     
	2026-03-05  	11:48:23  	00:02:05  	         	70.2     	87.0     	88.4     	94.0     	93.7     	90.0     	87.5     	90.5     	80.2     	77.4     	78.5     	78.9     	74.0     	69.1     	67.9     	61.9     	58.7     	55.2     	54.1     	53.2     	52.1     	50.0     	52.1     	53.2     	52.5     	50.5     	50.7     	50.0     	52.0     	53.7     	51.2     	48.2     	48.5     	47.8     	44.5     	38.1     
	2026-03-05  	11:48:24  	00:02:06  	         	81.3     	88.8     	89.4     	94.3     	94.2     	90.2     	84.9     	80.7     	74.4     	75.1     	74.3     	75.3     	69.8     	65.8     	64.3     	60.9     	56.7     	54.1     	52.5     	52.4     	49.2     	46.6     	46.0     	42.9     	40.5     	38.5     	39.5     	38.8     	38.2     	37.7     	37.0     	33.5     	29.5     	26.9     	24.9     	24.2     
	2026-03-05  	11:48:25  	00:02:07  	         	79.5     	83.3     	85.4     	95.3     	95.0     	88.5     	83.2     	84.8     	76.5     	73.0     	77.1     	76.9     	74.0     	66.1     	66.4     	60.6     	55.5     	54.7     	54.0     	51.1     	48.4     	48.8     	47.7     	49.8     	49.0     	48.4     	49.1     	48.5     	49.6     	50.5     	47.1     	46.3     	46.0     	43.2     	40.6     	33.8     
	2026-03-05  	11:48:26  	00:02:08  	         	76.5     	85.6     	91.1     	98.1     	98.7     	88.1     	87.4     	85.9     	78.5     	76.7     	76.5     	77.0     	71.3     	67.4     	63.6     	58.0     	56.0     	55.1     	57.2     	48.6     	46.8     	50.0     	51.3     	48.3     	47.0     	46.8     	43.9     	41.2     	42.5     	39.4     	42.5     	36.5     	34.1     	31.7     	27.8     	25.3     
	2026-03-05  	11:48:27  	00:02:09  	         	73.9     	68.5     	86.4     	90.3     	90.9     	86.0     	80.1     	78.3     	78.0     	73.2     	73.9     	76.5     	68.2     	63.7     	60.7     	56.8     	54.7     	56.0     	54.7     	45.1     	47.6     	47.5     	41.9     	40.6     	40.8     	37.7     	39.3     	37.7     	36.8     	34.9     	38.1     	32.9     	28.8     	28.5     	23.9     	24.3     
	2026-03-05  	11:48:28  	00:02:10  	         	72.2     	79.5     	75.2     	88.8     	85.4     	81.7     	76.3     	80.9     	72.8     	70.8     	71.8     	69.7     	64.5     	59.3     	58.8     	61.7     	62.2     	52.1     	52.0     	47.2     	45.2     	49.2     	47.6     	39.0     	37.6     	34.7     	34.0     	31.9     	32.1     	32.7     	33.2     	32.4     	25.9     	23.7     	23.2     	23.8     
	2026-03-05  	11:48:29  	00:02:11  	         	68.9     	74.5     	78.0     	83.4     	85.3     	76.3     	73.8     	74.8     	71.5     	64.4     	69.5     	62.9     	58.7     	56.8     	57.7     	55.5     	50.1     	49.2     	48.6     	44.1     	42.6     	41.3     	37.7     	36.0     	33.1     	33.7     	33.4     	30.3     	31.1     	32.4     	32.9     	29.9     	24.7     	22.9     	22.7     	23.7     
	2026-03-05  	11:48:30  	00:02:12  	         	69.2     	64.3     	72.9     	74.8     	72.5     	70.5     	72.1     	75.3     	65.5     	61.6     	66.6     	59.3     	56.7     	54.8     	55.7     	54.8     	48.4     	50.8     	50.4     	43.9     	40.1     	41.6     	40.9     	37.4     	36.3     	35.3     	35.4     	34.9     	35.4     	34.1     	31.7     	29.1     	26.0     	24.6     	23.9     	24.0     
	2026-03-05  	11:48:31  	00:02:13  	         	72.1     	77.0     	82.1     	84.8     	81.9     	75.5     	70.5     	66.5     	67.4     	80.3     	71.9     	64.9     	68.6     	69.2     	66.6     	62.3     	58.1     	55.7     	53.4     	46.2     	48.9     	53.5     	54.2     	47.7     	45.1     	43.0     	42.4     	41.3     	41.3     	38.7     	38.9     	36.6     	42.0     	37.7     	28.3     	26.4     
	2026-03-05  	11:48:32  	00:02:14  	         	90.7     	81.8     	80.9     	76.9     	78.6     	79.3     	71.4     	69.0     	70.3     	78.7     	81.3     	72.4     	72.4     	67.4     	69.1     	66.9     	59.5     	58.3     	54.8     	51.3     	53.0     	58.2     	54.4     	49.9     	49.7     	48.1     	48.2     	45.6     	46.3     	43.5     	42.7     	42.6     	42.5     	47.6     	34.6     	31.0     
	2026-03-05  	11:48:33  	00:02:15  	         	77.7     	71.9     	73.1     	71.0     	74.9     	75.6     	73.3     	69.7     	68.6     	72.9     	74.1     	70.7     	75.7     	71.0     	64.4     	62.1     	58.8     	59.6     	55.2     	48.3     	48.4     	54.4     	49.1     	46.9     	48.7     	46.4     	45.5     	41.7     	41.9     	41.1     	40.4     	40.6     	40.8     	34.9     	30.7     	27.2     
	2026-03-05  	11:48:34  	00:02:16  	         	76.5     	80.9     	73.8     	70.0     	73.9     	69.9     	66.0     	73.5     	74.4     	80.4     	77.8     	77.4     	74.5     	71.3     	66.5     	68.1     	66.5     	59.5     	59.7     	53.7     	51.4     	51.6     	47.9     	45.1     	45.5     	45.4     	44.7     	42.1     	42.0     	40.6     	39.0     	36.7     	34.6     	30.9     	28.3     	26.2     
	2026-03-05  	11:48:35  	00:02:17  	         	70.5     	69.0     	77.2     	67.9     	67.4     	67.0     	63.1     	59.5     	61.9     	67.2     	67.6     	60.4     	57.4     	56.2     	56.3     	54.7     	50.4     	54.2     	53.8     	46.3     	45.7     	44.2     	44.9     	43.6     	49.5     	49.5     	45.9     	44.7     	43.4     	40.5     	39.5     	36.9     	33.8     	30.6     	27.4     	25.5     
	2026-03-05  	11:48:36  	00:02:18  	         	52.7     	57.9     	69.4     	61.9     	60.3     	60.5     	61.9     	54.2     	61.0     	66.1     	67.5     	67.3     	63.3     	57.0     	56.5     	55.6     	50.5     	54.3     	53.5     	45.3     	41.5     	43.0     	43.2     	42.2     	42.3     	42.8     	40.3     	39.7     	38.7     	37.2     	36.9     	35.1     	31.9     	28.7     	26.3     	25.1     
	2026-03-05  	11:48:37  	00:02:19  	         	54.6     	56.7     	62.4     	65.0     	62.1     	64.4     	62.7     	55.7     	55.4     	62.8     	68.0     	60.8     	59.9     	57.7     	58.6     	55.1     	48.7     	54.9     	53.9     	46.9     	40.4     	42.0     	43.1     	41.6     	42.5     	44.6     	41.6     	40.9     	40.9     	39.9     	38.7     	36.9     	34.9     	32.6     	29.4     	26.2     
	2026-03-05  	11:48:38  	00:02:20  	         	53.5     	54.4     	66.3     	65.0     	64.7     	61.5     	56.2     	59.8     	59.1     	61.9     	67.3     	59.0     	56.7     	55.6     	54.8     	54.3     	48.2     	53.2     	52.7     	43.8     	39.7     	40.8     	39.7     	39.4     	40.6     	40.9     	40.5     	39.7     	39.3     	38.6     	37.8     	35.9     	32.9     	29.3     	26.8     	25.3     
	2026-03-05  	11:48:39  	00:02:21  	         	55.0     	56.7     	65.4     	62.3     	60.6     	61.8     	57.9     	60.4     	58.9     	63.8     	68.2     	60.4     	60.3     	57.9     	55.6     	54.2     	51.1     	53.5     	52.4     	44.6     	41.2     	42.8     	41.3     	39.5     	42.7     	43.2     	40.5     	40.9     	41.5     	38.2     	38.2     	35.2     	34.0     	32.4     	28.2     	25.4     
	2026-03-05  	11:48:40  	00:02:22  	         	55.9     	55.5     	67.9     	65.0     	64.4     	62.9     	61.4     	59.9     	57.6     	63.3     	68.2     	60.7     	56.1     	58.6     	61.0     	59.9     	55.7     	54.0     	52.8     	44.2     	40.0     	43.0     	42.3     	40.6     	43.6     	43.0     	40.7     	40.5     	39.6     	38.5     	38.0     	36.0     	33.1     	31.7     	28.2     	26.2     
	2026-03-05  	11:48:41  	00:02:23  	         	53.0     	59.2     	68.2     	67.9     	66.7     	67.9     	65.4     	68.8     	62.5     	65.0     	69.6     	61.2     	59.6     	53.8     	54.8     	53.8     	50.6     	52.9     	52.4     	43.5     	40.6     	42.7     	40.5     	38.7     	38.1     	39.0     	38.8     	38.2     	37.2     	37.1     	38.0     	35.5     	32.1     	29.5     	26.9     	25.3     
	2026-03-05  	11:48:42  	00:02:24  	         	55.7     	64.4     	73.9     	76.5     	81.6     	74.5     	69.4     	79.4     	76.5     	76.2     	72.0     	66.7     	66.6     	63.1     	57.5     	57.0     	53.1     	54.7     	53.4     	44.9     	41.1     	46.0     	46.4     	42.8     	40.8     	41.3     	46.4     	54.1     	54.5     	46.6     	41.1     	38.5     	35.9     	37.6     	38.7     	31.8     
	2026-03-05  	11:48:43  	00:02:25  	         	71.8     	78.0     	78.9     	77.6     	82.5     	77.4     	68.5     	76.0     	74.6     	75.3     	70.6     	64.7     	62.1     	60.5     	56.7     	57.4     	54.1     	55.1     	53.5     	43.7     	41.5     	45.9     	44.0     	41.7     	41.4     	41.0     	47.6     	57.8     	56.2     	49.1     	42.3     	39.7     	38.2     	39.7     	40.7     	33.9     
	2026-03-05  	11:48:44  	00:02:26  	         	64.4     	69.3     	73.6     	66.5     	72.3     	83.6     	82.1     	75.5     	79.1     	79.0     	74.5     	72.6     	77.3     	74.4     	62.1     	61.9     	58.0     	56.4     	55.1     	48.8     	49.4     	52.5     	50.7     	47.7     	45.0     	44.9     	47.6     	55.8     	55.2     	47.3     	42.1     	43.5     	43.1     	39.9     	39.6     	32.9     
	2026-03-05  	11:48:45  	00:02:27  	         	76.7     	77.3     	73.1     	74.0     	77.5     	84.4     	74.5     	70.9     	69.5     	75.4     	73.8     	69.0     	64.8     	63.8     	60.3     	60.0     	53.7     	54.9     	53.8     	49.1     	50.4     	52.7     	48.7     	46.0     	46.5     	47.1     	54.3     	63.6     	65.1     	58.4     	48.6     	44.4     	45.8     	49.2     	48.6     	41.3     
	2026-03-05  	11:48:46  	00:02:28  	         	68.5     	70.4     	65.2     	68.8     	75.3     	68.5     	64.4     	64.6     	69.3     	76.3     	71.4     	72.7     	70.2     	68.8     	64.2     	62.5     	55.6     	56.1     	55.9     	51.1     	53.4     	55.9     	55.3     	49.1     	49.3     	50.3     	54.6     	63.8     	67.1     	60.6     	51.0     	44.8     	46.7     	50.5     	49.8     	43.9     
	2026-03-05  	11:48:47  	00:02:29  	         	70.2     	67.6     	74.1     	83.7     	89.5     	88.3     	80.6     	83.7     	85.6     	86.2     	85.7     	80.1     	77.3     	79.6     	75.1     	71.4     	63.9     	59.0     	57.0     	52.8     	52.7     	56.5     	54.0     	51.5     	50.7     	50.8     	52.8     	64.1     	67.2     	59.3     	49.8     	44.0     	46.3     	48.9     	49.5     	43.6     
	2026-03-05  	11:48:48  	00:02:30  	         	80.3     	76.2     	70.8     	85.5     	83.9     	78.4     	68.1     	70.7     	64.2     	68.3     	68.0     	57.3     	55.5     	54.0     	55.2     	53.7     	50.7     	52.1     	50.0     	41.9     	40.3     	41.3     	39.7     	36.2     	39.8     	45.6     	47.6     	65.6     	64.9     	59.6     	48.5     	40.1     	44.0     	47.3     	48.1     	41.6     
	2026-03-05  	11:48:49  	00:02:31  	         	67.6     	61.5     	64.0     	67.7     	66.3     	62.9     	62.7     	65.5     	59.8     	61.0     	65.2     	59.7     	58.0     	55.6     	55.6     	53.5     	48.1     	51.3     	50.0     	42.1     	39.5     	37.8     	36.6     	38.6     	39.2     	46.0     	41.6     	40.2     	44.7     	44.2     	44.0     	44.1     	40.6     	34.9     	31.7     	28.3     
	2026-03-05  	11:48:50  	00:02:32  	         	66.9     	71.1     	70.3     	67.4     	67.6     	63.5     	56.0     	64.0     	59.7     	63.9     	66.9     	68.3     	66.5     	59.3     	58.9     	61.4     	54.8     	52.8     	55.1     	50.7     	40.2     	38.9     	40.8     	36.8     	36.4     	35.6     	36.8     	51.1     	54.4     	41.9     	39.1     	37.7     	35.9     	35.2     	33.1     	29.4     
	2026-03-05  	11:48:51  	00:02:33  	         	69.2     	69.9     	76.3     	80.3     	80.5     	75.1     	69.9     	73.9     	68.4     	65.1     	70.0     	63.2     	61.9     	61.7     	66.0     	59.0     	51.0     	51.4     	50.0     	44.9     	50.4     	49.8     	45.1     	38.0     	37.0     	36.0     	35.8     	36.9     	37.0     	37.5     	38.1     	36.7     	33.7     	31.9     	28.3     	25.9     
	2026-03-05  	11:48:52  	00:02:34  	         	73.3     	75.7     	78.9     	80.9     	82.0     	80.9     	79.2     	79.6     	69.3     	68.5     	71.2     	68.0     	64.3     	61.8     	68.0     	62.3     	67.0     	56.0     	49.2     	44.8     	44.6     	42.7     	45.1     	40.2     	38.3     	35.7     	35.6     	36.1     	35.9     	37.0     	36.7     	34.6     	32.7     	30.8     	27.9     	25.8     
	2026-03-05  	11:48:53  	00:02:35  	         	77.0     	82.3     	84.7     	86.4     	88.4     	82.9     	82.0     	80.8     	74.1     	70.0     	75.2     	74.4     	68.2     	60.6     	63.4     	58.3     	54.7     	58.8     	61.2     	43.1     	46.4     	45.1     	42.2     	41.1     	37.5     	35.9     	35.5     	34.7     	36.2     	35.5     	40.1     	33.3     	28.2     	26.0     	24.6     	24.2     
	2026-03-05  	11:48:54  	00:02:36  	         	85.5     	90.8     	92.2     	89.7     	94.6     	94.3     	84.1     	82.5     	75.8     	74.5     	74.5     	78.1     	69.4     	60.1     	61.4     	59.6     	54.6     	55.6     	57.7     	46.2     	46.0     	49.2     	45.4     	44.9     	41.1     	39.8     	38.4     	37.8     	40.4     	39.0     	41.0     	34.9     	31.0     	30.1     	27.6     	25.5     
	2026-03-05  	11:48:55  	00:02:37  	         	85.6     	93.2     	97.6     	88.2     	95.0     	93.5     	85.9     	81.9     	76.9     	77.2     	74.7     	76.3     	71.9     	65.4     	62.6     	60.8     	60.2     	56.4     	54.4     	52.1     	53.4     	52.5     	56.4     	56.8     	56.2     	56.4     	56.2     	54.8     	56.7     	58.6     	55.7     	52.8     	53.1     	52.4     	48.6     	42.5     
	2026-03-05  	11:48:56  	00:02:38  	         	87.1     	87.3     	94.3     	91.3     	90.9     	86.1     	77.8     	75.3     	71.2     	65.9     	74.0     	68.3     	66.2     	57.6     	57.3     	59.0     	53.8     	53.4     	50.4     	43.5     	43.7     	42.4     	40.9     	40.2     	37.4     	37.3     	37.6     	38.0     	36.6     	36.7     	36.6     	33.4     	29.4     	28.3     	28.3     	26.5     
	2026-03-05  	11:48:57  	00:02:39  	         	76.2     	70.0     	78.2     	82.3     	80.9     	77.2     	73.6     	71.7     	67.5     	67.1     	69.2     	66.0     	63.3     	58.7     	57.1     	56.6     	57.4     	51.4     	48.0     	44.3     	43.7     	40.7     	37.0     	35.5     	33.7     	34.4     	32.4     	32.6     	31.1     	32.3     	32.8     	31.0     	27.1     	25.4     	24.1     	24.1     
	2026-03-05  	11:48:58  	00:02:40  	         	63.4     	62.7     	73.5     	74.3     	76.1     	68.6     	69.7     	72.0     	66.3     	63.5     	67.7     	63.4     	63.1     	60.7     	59.0     	61.1     	57.4     	49.8     	51.7     	46.0     	41.3     	43.6     	42.1     	35.0     	32.5     	32.6     	30.8     	30.3     	30.7     	32.4     	33.2     	29.8     	25.4     	24.1     	23.5     	23.9     
	2026-03-05  	11:48:59  	00:02:41  	         	68.9     	71.7     	69.2     	81.0     	76.9     	71.2     	65.2     	72.0     	65.9     	64.2     	67.6     	62.7     	60.4     	57.5     	58.5     	56.5     	48.7     	49.6     	50.5     	43.6     	43.6     	43.0     	36.0     	35.0     	33.1     	32.7     	30.5     	30.9     	30.2     	30.2     	31.2     	29.0     	26.1     	25.5     	23.8     	24.0     
	2026-03-05  	11:49:00  	00:02:42  	         	72.1     	75.6     	70.5     	76.9     	71.9     	69.4     	65.6     	69.5     	66.1     	61.9     	67.8     	61.3     	58.9     	59.1     	57.3     	57.1     	50.5     	51.6     	50.5     	43.8     	39.2     	41.6     	37.9     	36.3     	34.5     	33.4     	32.1     	32.6     	33.1     	35.8     	35.7     	32.7     	29.0     	26.6     	25.5     	24.8     
	2026-03-05  	11:49:01  	00:02:43  	         	77.8     	79.2     	76.4     	74.6     	71.3     	71.8     	68.3     	70.2     	64.4     	63.2     	67.5     	60.5     	57.1     	56.2     	64.1     	56.8     	49.2     	51.6     	51.6     	43.0     	46.3     	41.3     	36.7     	35.5     	32.9     	32.9     	33.5     	32.3     	32.8     	34.8     	34.9     	33.6     	30.3     	27.7     	27.2     	25.4     
	2026-03-05  	11:49:02  	00:02:44  	         	74.8     	78.8     	69.9     	71.2     	77.7     	67.1     	62.5     	65.3     	65.4     	64.9     	69.5     	64.1     	63.3     	56.3     	59.1     	61.0     	52.1     	51.0     	51.9     	46.6     	39.8     	45.2     	44.0     	36.4     	35.2     	35.1     	35.1     	34.4     	34.1     	35.3     	34.9     	33.4     	30.0     	27.6     	25.9     	24.8     
	2026-03-05  	11:49:03  	00:02:45  	         	68.1     	76.0     	72.7     	73.5     	72.9     	72.8     	64.2     	66.5     	61.6     	65.3     	67.8     	63.3     	63.1     	58.5     	57.6     	61.6     	66.0     	51.1     	49.7     	44.9     	41.2     	42.3     	37.7     	36.6     	34.5     	33.2     	33.0     	32.4     	32.1     	34.8     	35.9     	32.9     	28.1     	26.7     	25.1     	24.4     
	2026-03-05  	11:49:04  	00:02:46  	         	63.5     	69.5     	71.7     	68.0     	71.4     	75.9     	69.2     	66.8     	59.7     	61.6     	70.1     	63.1     	60.8     	59.9     	58.7     	56.3     	57.5     	54.6     	50.1     	43.4     	42.5     	41.6     	37.1     	36.9     	35.3     	34.4     	33.6     	35.0     	34.3     	34.8     	36.5     	35.1     	31.8     	30.0     	28.5     	26.3     
	2026-03-05  	11:49:05  	00:02:47  	         	62.6     	67.5     	64.6     	69.5     	70.0     	77.1     	69.2     	71.6     	64.1     	63.9     	72.2     	66.8     	63.6     	57.3     	60.8     	58.3     	56.8     	57.7     	51.3     	44.7     	45.9     	45.3     	41.1     	39.4     	37.3     	34.6     	35.7     	34.5     	35.1     	36.4     	37.0     	36.1     	35.8     	34.8     	34.0     	31.9     
	2026-03-05  	11:49:06  	00:02:48  	         	68.7     	72.2     	73.7     	78.3     	80.1     	77.8     	67.5     	72.4     	65.8     	64.2     	70.3     	68.3     	61.6     	59.5     	57.9     	57.1     	52.0     	52.8     	51.3     	45.3     	44.0     	43.4     	39.0     	37.8     	35.5     	33.0     	32.7     	31.5     	30.2     	30.5     	32.0     	30.9     	28.2     	27.5     	26.9     	25.5     
	2026-03-05  	11:49:07  	00:02:49  	         	67.4     	65.7     	73.4     	76.0     	80.6     	80.3     	71.7     	71.5     	68.7     	65.8     	72.5     	66.9     	63.0     	58.7     	57.5     	56.4     	51.9     	53.7     	50.7     	44.9     	43.6     	43.5     	39.0     	37.2     	34.8     	33.1     	32.5     	31.3     	31.0     	31.6     	32.1     	30.6     	25.8     	24.5     	23.8     	23.8     
	2026-03-05  	11:49:08  	00:02:50  	         	76.7     	71.7     	77.9     	77.2     	73.6     	77.2     	69.1     	69.1     	67.0     	63.8     	72.7     	67.1     	63.5     	58.9     	58.0     	57.6     	52.5     	54.0     	50.8     	44.8     	41.6     	42.4     	38.5     	37.3     	36.2     	36.7     	36.2     	36.4     	34.4     	36.8     	34.4     	29.7     	25.5     	24.0     	23.4     	23.7     
	2026-03-05  	11:49:09  	00:02:51  	         	64.3     	65.2     	78.1     	77.9     	81.5     	77.8     	67.5     	69.3     	62.9     	64.0     	69.6     	65.0     	59.7     	59.2     	57.8     	59.9     	61.6     	55.1     	50.1     	46.3     	44.2     	42.3     	38.8     	36.7     	34.0     	32.3     	31.3     	28.4     	28.2     	29.0     	28.6     	27.8     	24.2     	23.4     	23.3     	23.7     
	2026-03-05  	11:49:10  	00:02:52  	         	59.9     	63.8     	74.5     	80.0     	73.3     	68.8     	67.6     	70.7     	66.4     	66.4     	68.7     	63.6     	61.0     	58.0     	59.4     	59.3     	51.0     	50.8     	52.2     	47.0     	40.3     	44.9     	42.6     	36.0     	33.6     	31.5     	32.0     	28.7     	28.5     	28.8     	29.4     	27.8     	25.1     	23.6     	23.0     	23.8     
	2026-03-05  	11:49:11  	00:02:53  	         	64.1     	64.7     	68.4     	73.6     	72.6     	71.6     	65.7     	70.1     	67.0     	67.3     	67.3     	63.1     	59.2     	57.2     	59.8     	56.8     	49.2     	51.2     	51.3     	44.6     	42.7     	42.3     	35.8     	35.7     	33.6     	31.7     	30.7     	28.1     	28.5     	29.7     	30.4     	28.4     	24.9     	23.9     	23.3     	23.8     
	2026-03-05  	11:49:12  	00:02:54  	         	74.7     	70.0     	72.3     	74.6     	75.4     	70.5     	72.2     	75.3     	70.7     	70.1     	67.6     	63.1     	59.0     	59.7     	58.3     	56.9     	50.0     	50.0     	49.8     	44.6     	41.5     	41.4     	37.7     	38.1     	37.9     	35.5     	35.5     	33.7     	32.9     	31.8     	31.5     	28.6     	27.0     	25.6     	24.5     	24.4     
	2026-03-05  	11:49:13  	00:02:55  	         	71.9     	72.0     	68.5     	77.7     	80.0     	73.2     	72.1     	73.0     	67.5     	66.0     	68.1     	61.4     	58.9     	55.9     	57.4     	56.3     	49.2     	50.2     	49.8     	44.3     	39.6     	40.6     	36.7     	36.6     	33.4     	32.4     	32.5     	31.4     	29.7     	29.3     	29.1     	26.1     	24.7     	23.1     	23.1     	23.7     
	2026-03-05  	11:49:14  	00:02:56  	         	64.7     	71.4     	69.3     	73.7     	72.3     	69.2     	63.2     	62.3     	60.0     	63.6     	68.1     	58.9     	57.0     	54.2     	55.8     	56.4     	49.9     	50.2     	50.0     	43.8     	37.5     	40.1     	40.7     	36.8     	35.4     	34.6     	35.5     	35.6     	35.2     	35.0     	34.8     	33.1     	29.3     	26.9     	25.4     	24.3     
	2026-03-05  	11:49:15  	00:02:57  	         	56.0     	52.4     	58.9     	56.7     	59.0     	57.4     	57.1     	55.1     	57.2     	63.9     	65.7     	57.8     	58.7     	55.2     	57.4     	55.7     	49.6     	50.0     	49.9     	43.8     	39.8     	39.8     	35.7     	35.8     	33.5     	32.8     	32.4     	30.2     	29.8     	31.5     	31.1     	30.2     	25.8     	24.4     	23.7     	23.8     
	2026-03-05  	11:49:16  	00:02:58  	         	48.2     	36.4     	56.7     	57.8     	59.7     	54.2     	51.4     	54.5     	59.1     	64.0     	65.3     	57.5     	57.1     	55.5     	55.7     	54.4     	49.2     	49.5     	49.6     	43.2     	37.5     	39.5     	36.1     	35.8     	33.4     	32.5     	32.8     	30.7     	30.6     	31.1     	30.2     	29.0     	27.6     	26.4     	25.3     	24.6     
	2026-03-05  	11:49:17  	00:02:59  	         	46.8     	47.7     	54.8     	58.0     	57.4     	55.9     	51.4     	59.2     	59.5     	66.8     	66.6     	59.1     	59.6     	55.4     	55.9     	54.7     	49.2     	49.6     	49.2     	43.9     	37.8     	39.9     	35.8     	35.6     	33.1     	34.5     	33.5     	42.5     	45.4     	36.9     	31.9     	28.8     	27.7     	27.2     	25.4     	24.5     
	2026-03-05  	11:49:18  	00:03:00  	         	49.6     	46.4     	53.2     	55.6     	58.3     	56.6     	55.7     	55.6     	56.6     	64.1     	63.9     	57.8     	57.5     	55.4     	56.6     	54.9     	50.0     	49.2     	48.8     	43.1     	37.9     	39.4     	36.0     	36.3     	33.8     	34.2     	33.8     	47.7     	50.6     	41.2     	35.0     	32.2     	30.2     	29.5     	27.4     	25.2     
	2026-03-05  	11:49:19  	00:03:01  	         	52.2     	44.1     	48.9     	60.7     	56.9     	54.7     	55.7     	55.8     	58.7     	64.5     	66.0     	56.8     	57.8     	57.1     	55.7     	54.0     	48.8     	49.9     	49.3     	43.6     	38.0     	39.9     	36.4     	36.4     	33.9     	33.5     	32.4     	31.8     	32.2     	35.1     	33.4     	30.8     	27.0     	25.6     	24.1     	24.1     
	2026-03-05  	11:49:20  	00:03:02  	         	54.2     	51.2     	50.7     	51.8     	53.1     	57.3     	52.8     	58.0     	55.1     	63.2     	64.5     	58.3     	57.9     	53.0     	55.9     	55.3     	47.9     	49.4     	49.2     	43.8     	37.3     	39.5     	35.7     	35.4     	33.0     	32.6     	32.7     	32.1     	30.1     	31.1     	31.5     	30.0     	26.4     	25.6     	24.7     	24.1     
	2026-03-05  	11:49:21  	00:03:03  	         	49.0     	45.0     	49.4     	57.1     	54.3     	52.7     	57.7     	56.7     	56.3     	63.9     	65.5     	58.0     	57.1     	54.2     	56.9     	55.2     	48.7     	49.2     	49.6     	42.9     	37.5     	39.1     	35.7     	35.4     	32.9     	31.2     	31.4     	29.5     	27.6     	30.6     	32.5     	30.3     	24.5     	22.2     	22.7     	23.6     
	2026-03-05  	11:49:22  	00:03:04  	         	55.1     	54.6     	55.4     	55.5     	53.5     	52.5     	54.4     	59.7     	54.9     	63.3     	64.3     	60.0     	57.0     	54.4     	56.5     	54.9     	50.0     	48.8     	49.2     	44.5     	37.5     	40.0     	36.0     	35.1     	32.2     	31.1     	30.6     	28.0     	26.6     	29.4     	31.5     	27.2     	23.0     	22.2     	22.8     	23.8     
	2026-03-05  	11:49:23  	00:03:05  	         	55.7     	49.5     	43.2     	49.3     	50.5     	54.6     	53.3     	58.6     	54.6     	62.5     	63.0     	55.9     	56.9     	55.4     	56.1     	55.3     	52.5     	49.1     	49.5     	42.7     	37.9     	39.2     	35.5     	35.8     	33.6     	31.7     	31.8     	30.4     	28.4     	30.1     	32.0     	30.3     	23.8     	22.1     	22.6     	23.6     
	2026-03-05  	11:49:24  	00:03:06  	         	44.0     	43.3     	44.1     	53.9     	55.4     	55.4     	50.4     	56.7     	57.0     	64.9     	63.8     	58.1     	56.6     	53.6     	55.9     	54.3     	48.2     	49.1     	49.2     	44.0     	37.4     	39.9     	36.4     	35.2     	33.1     	31.7     	31.1     	30.7     	29.1     	30.6     	32.8     	29.9     	23.8     	22.6     	22.7     	23.7     
	2026-03-05  	11:49:25  	00:03:07  	         	39.9     	44.8     	51.1     	51.7     	48.0     	54.1     	55.7     	51.9     	55.6     	64.9     	64.5     	58.4     	57.1     	54.1     	56.7     	55.2     	48.8     	48.3     	48.3     	43.0     	37.9     	39.9     	35.2     	35.5     	32.4     	31.2     	30.5     	27.7     	26.6     	28.9     	32.2     	28.8     	23.0     	21.6     	22.3     	23.4     
	2026-03-05  	11:49:26  	00:03:08  	         	36.3     	42.1     	44.1     	52.3     	53.7     	47.6     	53.6     	55.3     	54.6     	64.9     	64.7     	57.1     	57.8     	55.2     	57.0     	55.3     	49.8     	49.0     	48.8     	43.0     	37.2     	39.6     	35.9     	35.6     	32.9     	30.7     	30.3     	29.4     	27.7     	28.5     	31.2     	29.9     	23.1     	21.6     	22.3     	23.5     
	2026-03-05  	11:49:27  	00:03:09  	         	43.6     	43.9     	52.5     	58.4     	53.9     	52.6     	54.7     	56.7     	58.1     	64.1     	65.1     	57.0     	57.7     	54.2     	56.7     	55.4     	49.5     	49.1     	49.7     	43.7     	36.8     	39.3     	35.8     	35.3     	32.5     	32.0     	31.8     	31.9     	31.3     	32.4     	34.7     	30.9     	25.6     	24.4     	24.0     	24.1     
	2026-03-05  	11:49:28  	00:03:10  	         	49.0     	48.4     	54.6     	59.8     	50.2     	56.1     	50.2     	55.4     	55.3     	64.6     	64.7     	56.6     	58.3     	57.1     	58.2     	56.9     	53.4     	49.0     	48.8     	44.0     	37.5     	39.8     	36.1     	36.0     	33.5     	32.6     	31.9     	30.5     	29.8     	29.9     	32.6     	31.8     	27.2     	24.8     	23.6     	23.8     
	2026-03-05  	11:49:29  	00:03:11  	         	42.0     	47.0     	52.2     	59.0     	52.9     	53.8     	53.5     	55.5     	59.2     	64.3     	63.9     	58.0     	56.8     	54.9     	56.7     	55.2     	49.8     	48.6     	48.7     	44.9     	38.3     	40.3     	38.8     	38.1     	37.1     	34.9     	34.1     	31.7     	30.8     	30.8     	31.0     	29.7     	25.6     	24.5     	24.0     	24.1     
	2026-03-05  	11:49:30  	00:03:12  	         	44.9     	43.4     	48.8     	53.5     	53.2     	56.4     	54.1     	56.5     	59.4     	64.6     	64.4     	56.6     	58.9     	56.3     	56.8     	54.5     	48.9     	48.8     	49.1     	44.4     	37.7     	40.1     	36.6     	35.9     	33.2     	33.5     	32.6     	32.0     	30.8     	32.0     	32.6     	30.7     	25.9     	24.1     	23.7     	23.8     
	2026-03-05  	11:49:31  	00:03:13  	         	41.5     	48.2     	51.5     	54.7     	52.9     	52.1     	57.7     	59.1     	58.4     	65.4     	65.6     	56.8     	56.6     	55.6     	56.3     	54.3     	49.8     	49.5     	49.9     	44.2     	39.5     	40.4     	36.5     	37.6     	37.6     	34.2     	35.9     	32.8     	32.4     	34.0     	35.7     	33.2     	28.0     	25.0     	23.7     	23.9     
	2026-03-05  	11:49:32  	00:03:14  	         	40.8     	48.2     	49.2     	51.6     	54.3     	56.2     	53.8     	58.3     	55.6     	62.8     	65.4     	55.9     	55.5     	53.9     	56.3     	54.7     	49.2     	48.9     	49.0     	44.4     	38.3     	39.7     	36.4     	36.0     	33.6     	32.0     	31.9     	30.3     	29.4     	30.6     	30.2     	27.9     	24.5     	22.7     	22.7     	23.7     
	2026-03-05  	11:49:33  	00:03:15  	         	42.2     	47.9     	49.7     	51.9     	57.1     	49.6     	53.8     	57.5     	56.7     	64.2     	64.9     	60.1     	58.0     	53.2     	55.8     	54.9     	48.3     	48.6     	48.6     	44.1     	37.7     	40.0     	36.2     	36.0     	34.2     	32.8     	33.1     	32.1     	32.1     	32.7     	34.0     	33.3     	32.0     	31.2     	30.1     	28.6     
	2026-03-05  	11:49:34  	00:03:16  	         	48.5     	42.2     	45.6     	53.0     	55.4     	52.9     	53.8     	58.5     	59.2     	65.4     	64.6     	61.6     	57.2     	55.9     	56.7     	54.8     	49.1     	50.0     	49.4     	44.1     	38.0     	40.4     	37.9     	36.5     	35.5     	34.8     	34.3     	34.7     	33.2     	34.0     	35.7     	33.4     	30.6     	29.5     	28.7     	27.5     
	2026-03-05  	11:49:35  	00:03:17  	         	46.9     	44.5     	49.4     	54.7     	55.7     	58.5     	51.5     	54.5     	59.7     	63.2     	66.0     	60.6     	58.7     	54.5     	55.2     	53.9     	49.0     	51.0     	50.9     	44.9     	40.3     	41.4     	39.7     	37.7     	38.0     	35.7     	34.1     	34.4     	33.7     	33.4     	34.6     	32.2     	28.3     	26.5     	25.5     	24.6     
	2026-03-05  	11:49:36  	00:03:18  	         	43.8     	48.7     	51.5     	49.4     	54.3     	51.8     	55.6     	56.2     	58.6     	65.5     	65.9     	59.8     	57.0     	55.4     	55.4     	53.3     	48.5     	51.1     	50.4     	43.7     	37.6     	40.4     	36.9     	36.3     	33.8     	35.0     	33.8     	32.9     	32.7     	34.3     	35.3     	32.1     	28.4     	26.2     	24.9     	24.5     
	2026-03-05  	11:49:37  	00:03:19  	         	44.4     	47.1     	48.3     	48.1     	52.2     	55.6     	57.6     	58.5     	58.6     	65.6     	67.2     	60.6     	57.5     	55.4     	56.0     	54.3     	50.2     	51.1     	50.5     	44.6     	36.9     	40.5     	35.8     	36.0     	33.4     	33.8     	32.8     	32.8     	32.7     	34.2     	34.2     	32.1     	29.1     	28.4     	26.7     	25.2     
	2026-03-05  	11:49:38  	00:03:20  	         	40.9     	43.2     	51.8     	52.8     	54.7     	51.7     	58.4     	53.4     	58.8     	65.7     	67.6     	62.2     	60.2     	54.1     	56.2     	54.9     	49.0     	51.0     	50.6     	43.6     	36.8     	40.4     	35.4     	35.7     	32.8     	32.3     	31.6     	30.3     	30.6     	31.1     	33.3     	32.1     	26.7     	24.3     	23.7     	24.0     
	2026-03-05  	11:49:39  	00:03:21  	         	43.5     	45.6     	48.2     	53.9     	55.6     	51.7     	55.4     	58.8     	57.2     	64.7     	66.8     	61.7     	58.9     	53.5     	55.5     	53.7     	48.7     	50.9     	50.6     	43.6     	36.0     	39.7     	35.4     	35.6     	33.0     	32.5     	33.0     	30.5     	30.4     	32.8     	34.1     	33.2     	28.0     	26.2     	24.7     	24.4     
	2026-03-05  	11:49:40  	00:03:22  	         	46.9     	46.9     	49.4     	50.3     	53.4     	51.0     	50.0     	53.5     	58.8     	63.5     	67.5     	58.3     	58.5     	53.7     	56.1     	54.6     	48.7     	51.1     	50.8     	44.2     	36.9     	40.3     	36.2     	35.4     	32.7     	31.9     	31.9     	30.8     	30.1     	31.1     	33.1     	31.0     	25.5     	23.6     	23.2     	23.7     
	2026-03-05  	11:49:41  	00:03:23  	         	49.7     	46.5     	50.0     	52.6     	50.4     	53.9     	57.1     	56.2     	55.3     	64.9     	68.3     	57.5     	57.8     	55.5     	55.5     	54.3     	49.8     	50.5     	50.2     	44.3     	37.0     	40.0     	35.9     	35.7     	32.2     	30.9     	30.5     	29.4     	29.6     	32.3     	35.5     	32.4     	24.6     	22.0     	22.6     	23.5     
	2026-03-05  	11:49:42  	00:03:24  	         	48.4     	44.2     	47.0     	51.1     	55.0     	52.6     	48.3     	57.5     	57.7     	64.7     	66.7     	60.9     	58.0     	53.9     	55.5     	53.6     	49.2     	50.6     	50.8     	44.5     	36.6     	39.7     	35.4     	35.3     	32.2     	31.1     	31.4     	29.2     	28.2     	29.6     	34.6     	29.4     	23.2     	22.0     	22.4     	23.4     
	2026-03-05  	11:49:43  	00:03:25  	         	43.9     	40.9     	48.3     	55.5     	53.6     	56.5     	52.0     	59.4     	57.7     	65.0     	67.3     	58.9     	58.4     	54.6     	55.6     	53.6     	48.8     	50.7     	50.1     	42.9     	36.3     	39.8     	35.8     	36.2     	32.8     	31.5     	30.6     	29.4     	28.3     	28.3     	32.6     	30.4     	23.7     	21.9     	22.5     	23.5     
	2026-03-05  	11:49:44  	00:03:26  	         	44.0     	44.6     	49.4     	55.7     	52.4     	53.6     	53.0     	52.3     	57.4     	64.3     	67.3     	63.9     	58.0     	52.4     	54.8     	53.1     	49.4     	51.0     	50.8     	44.1     	37.0     	40.5     	36.4     	37.4     	33.3     	31.4     	31.4     	31.0     	30.1     	29.7     	33.3     	30.6     	23.6     	21.9     	22.3     	23.4     
	2026-03-05  	11:49:45  	00:03:27  	         	43.2     	45.6     	46.8     	53.8     	52.8     	52.4     	50.1     	53.3     	57.5     	64.3     	66.8     	57.5     	56.4     	53.7     	56.3     	53.6     	49.7     	51.1     	50.5     	44.1     	37.2     	40.4     	37.0     	37.1     	34.2     	33.1     	32.5     	31.9     	31.1     	30.1     	32.0     	29.2     	24.4     	22.7     	22.7     	23.5     
	2026-03-05  	11:49:46  	00:03:28  	         	44.0     	45.7     	42.7     	51.0     	55.8     	54.3     	52.5     	53.4     	58.3     	63.2     	68.2     	59.9     	60.1     	56.2     	58.5     	54.9     	52.2     	52.7     	51.1     	45.1     	37.5     	40.2     	37.3     	38.2     	34.6     	32.5     	31.8     	33.3     	33.1     	30.7     	32.4     	29.9     	23.7     	22.6     	22.6     	23.5     
	2026-03-05  	11:49:47  	00:03:29  	         	47.2     	50.4     	51.6     	56.3     	51.8     	55.4     	57.0     	53.9     	57.5     	64.7     	68.0     	58.8     	62.1     	57.4     	55.6     	54.7     	51.4     	51.5     	50.8     	44.2     	36.6     	40.3     	37.1     	36.8     	34.6     	32.3     	31.7     	30.5     	29.7     	30.1     	33.1     	30.6     	24.2     	23.0     	22.9     	23.7     
	2026-03-05  	11:49:48  	00:03:30  	         	46.0     	48.8     	48.0     	54.5     	54.4     	62.9     	56.0     	61.8     	62.1     	64.3     	67.7     	58.4     	59.8     	53.3     	55.8     	54.0     	50.3     	51.2     	50.9     	44.6     	37.2     	40.0     	36.5     	36.4     	34.2     	31.9     	30.8     	28.8     	27.8     	29.2     	32.7     	30.3     	23.6     	22.0     	22.4     	23.4     
	2026-03-05  	11:49:49  	00:03:31  	         	49.3     	45.8     	43.8     	55.8     	56.2     	52.9     	55.4     	57.4     	56.6     	61.7     	67.1     	57.7     	58.6     	53.1     	55.3     	53.7     	48.1     	51.2     	50.7     	43.8     	35.8     	39.8     	35.2     	35.5     	32.6     	30.9     	31.8     	28.4     	28.2     	31.9     	34.5     	31.7     	23.2     	21.8     	22.3     	23.5     
	2026-03-05  	11:49:50  	00:03:32  	         	57.5     	59.9     	64.9     	67.0     	65.0     	65.2     	69.0     	69.8     	66.2     	60.5     	67.1     	60.5     	58.8     	55.3     	55.5     	56.2     	49.5     	51.8     	51.3     	44.8     	40.1     	40.3     	36.8     	36.5     	34.8     	35.0     	35.8     	33.3     	33.2     	33.3     	33.6     	30.4     	25.4     	24.1     	23.9     	24.1     
	2026-03-05  	11:49:51  	00:03:33  	         	67.5     	75.3     	73.8     	65.1     	61.4     	64.4     	62.5     	61.3     	60.2     	61.6     	68.6     	61.8     	60.2     	57.1     	57.0     	56.2     	54.8     	54.8     	54.6     	51.2     	37.7     	40.4     	41.3     	37.1     	34.0     	33.5     	33.3     	31.5     	30.8     	33.0     	36.0     	33.4     	32.2     	31.3     	27.9     	26.7     
	2026-03-05  	11:49:52  	00:03:34  	         	58.7     	66.0     	69.6     	64.5     	67.9     	69.5     	62.7     	67.4     	66.9     	61.7     	69.0     	65.7     	62.7     	60.7     	65.9     	58.1     	51.7     	54.0     	53.6     	47.1     	47.8     	47.0     	37.9     	36.4     	32.4     	31.3     	31.4     	28.2     	29.8     	30.1     	29.9     	26.8     	23.1     	22.7     	22.5     	23.6     
	2026-03-05  	11:49:53  	00:03:35  	         	66.3     	74.7     	71.0     	72.9     	74.9     	68.3     	63.4     	69.1     	65.9     	64.8     	67.8     	63.5     	62.1     	60.3     	59.4     	62.0     	66.1     	54.4     	52.8     	48.6     	42.2     	42.4     	45.3     	37.6     	35.2     	32.8     	32.0     	31.6     	29.3     	30.8     	32.6     	31.1     	25.1     	23.6     	23.1     	23.7     
	2026-03-05  	11:49:54  	00:03:36  	         	69.0     	71.9     	73.7     	76.0     	76.4     	69.7     	68.2     	69.0     	63.9     	63.1     	69.9     	66.0     	62.8     	59.2     	57.5     	56.8     	53.3     	53.3     	52.1     	45.2     	39.3     	41.9     	37.3     	37.4     	34.2     	32.5     	31.6     	30.6     	30.3     	32.4     	33.6     	31.9     	27.5     	25.2     	24.4     	24.1     
	2026-03-05  	11:49:55  	00:03:37  	         	70.1     	67.4     	76.1     	79.8     	76.5     	77.8     	76.0     	74.2     	64.4     	63.5     	71.1     	66.5     	62.9     	57.6     	59.9     	57.7     	58.8     	55.6     	51.5     	43.2     	41.8     	42.6     	39.5     	39.4     	35.2     	33.7     	33.7     	31.8     	31.7     	31.8     	33.0     	31.2     	28.0     	25.1     	23.6     	24.0     
	2026-03-05  	11:49:56  	00:03:38  	         	76.7     	73.9     	83.2     	85.1     	78.8     	77.5     	78.4     	72.2     	69.0     	67.7     	73.8     	68.2     	64.5     	59.3     	57.6     	57.5     	54.9     	54.6     	52.1     	44.9     	42.1     	42.3     	39.5     	39.0     	37.5     	38.9     	36.5     	33.6     	34.5     	35.0     	33.8     	30.2     	26.5     	24.1     	23.4     	23.8     
	2026-03-05  	11:49:57  	00:03:39  	         	78.4     	74.4     	76.7     	81.2     	83.2     	74.7     	74.4     	73.5     	69.5     	67.8     	70.1     	66.3     	62.5     	58.9     	57.4     	60.7     	57.7     	52.9     	53.6     	47.9     	42.6     	46.9     	43.4     	40.0     	37.0     	36.1     	36.9     	34.8     	35.6     	34.8     	34.2     	32.7     	29.4     	27.0     	25.5     	24.6     
	2026-03-05  	11:49:58  	00:03:40  	         	80.3     	78.9     	71.4     	75.7     	79.7     	71.9     	68.9     	75.5     	71.1     	67.2     	68.9     	66.3     	62.7     	62.1     	59.6     	55.1     	50.0     	53.0     	52.0     	45.8     	41.0     	40.0     	36.4     	37.5     	34.8     	34.0     	34.0     	31.7     	32.6     	32.2     	32.8     	31.2     	28.5     	25.9     	24.8     	24.3     
	2026-03-05  	11:49:59  	00:03:41  	         	79.5     	76.5     	69.7     	77.2     	79.5     	68.3     	66.4     	72.3     	69.3     	64.1     	67.9     	59.2     	57.9     	55.6     	56.9     	54.5     	49.8     	51.3     	50.9     	44.9     	39.1     	40.4     	36.3     	36.7     	34.3     	33.6     	34.5     	31.0     	31.1     	30.7     	32.6     	30.0     	26.5     	25.4     	24.4     	24.2     
	2026-03-05  	11:50:00  	00:03:42  	         	78.8     	79.9     	75.3     	74.2     	71.2     	68.9     	61.9     	68.9     	63.3     	64.4     	68.1     	58.3     	56.2     	55.6     	54.6     	54.2     	51.0     	53.4     	51.8     	44.9     	38.7     	40.7     	37.9     	38.8     	36.9     	35.3     	34.6     	33.5     	34.0     	33.6     	34.2     	31.2     	28.0     	25.9     	24.6     	24.3     
	2026-03-05  	11:50:01  	00:03:43  	         	75.8     	80.5     	71.0     	68.6     	65.5     	63.5     	61.0     	64.4     	63.9     	60.5     	68.7     	62.1     	60.8     	60.7     	63.4     	54.8     	51.9     	53.9     	53.4     	49.0     	47.9     	40.0     	36.6     	37.1     	36.3     	33.7     	32.8     	31.6     	30.3     	31.0     	32.2     	31.0     	25.2     	23.4     	23.2     	23.8     
	2026-03-05  	11:50:02  	00:03:44  	         	65.2     	70.2     	70.1     	69.7     	72.7     	61.7     	64.4     	67.2     	65.6     	64.1     	69.2     	67.5     	63.1     	60.1     	61.6     	59.3     	52.3     	53.1     	53.6     	47.5     	42.1     	47.3     	45.6     	39.1     	36.9     	33.9     	33.7     	30.8     	29.4     	30.5     	30.0     	27.5     	24.2     	23.4     	23.0     	23.7     
	2026-03-05  	11:50:03  	00:03:45  	         	59.4     	74.9     	74.0     	78.0     	83.5     	74.4     	68.6     	71.7     	66.3     	65.3     	72.5     	67.9     	62.8     	61.7     	65.0     	60.7     	66.3     	59.2     	52.2     	46.9     	44.3     	42.8     	42.2     	39.8     	43.0     	38.6     	35.8     	30.2     	29.9     	30.9     	31.1     	30.1     	25.6     	24.2     	23.6     	24.0     
	2026-03-05  	11:50:04  	00:03:46  	         	70.8     	76.2     	90.0     	87.3     	91.5     	93.4     	80.3     	83.4     	76.2     	78.8     	78.3     	76.5     	74.2     	65.7     	67.0     	64.2     	57.3     	63.2     	60.9     	50.6     	50.0     	50.5     	48.2     	47.8     	44.2     	41.5     	41.8     	39.5     	42.7     	39.0     	37.7     	36.2     	33.3     	31.1     	28.3     	25.8     
	2026-03-05  	11:50:05  	00:03:47  	         	75.0     	88.1     	99.4     	97.6     	100.0    	97.8     	93.3     	84.6     	82.5     	83.4     	81.0     	80.6     	82.3     	73.1     	67.8     	64.6     	65.5     	62.2     	64.0     	57.9     	58.7     	58.9     	58.0     	57.9     	58.1     	55.6     	55.9     	56.3     	57.1     	59.1     	56.4     	53.0     	53.4     	49.7     	47.5     	42.6     
	2026-03-05  	11:50:06  	00:03:48  	         	81.9     	86.1     	93.5     	100.4    	99.9     	97.1     	93.0     	81.5     	77.0     	76.7     	75.2     	72.7     	72.4     	66.1     	71.2     	64.1     	59.0     	58.0     	56.3     	54.6     	52.6     	49.8     	48.9     	47.5     	42.8     	43.2     	40.8     	37.7     	39.7     	36.4     	33.3     	31.3     	29.6     	26.8     	25.3     	24.2     
	2026-03-05  	11:50:07  	00:03:49  	         	73.7     	84.3     	87.9     	90.7     	93.8     	88.6     	81.8     	80.3     	76.8     	70.4     	73.2     	74.0     	68.5     	65.6     	74.2     	67.8     	61.2     	57.8     	56.9     	55.1     	62.3     	54.3     	53.2     	47.6     	44.6     	41.4     	40.9     	39.5     	43.2     	37.8     	35.8     	35.7     	30.3     	25.0     	24.1     	24.0     
	2026-03-05  	11:50:08  	00:03:50  	         	75.5     	83.7     	88.6     	86.7     	95.4     	87.8     	84.1     	85.7     	79.5     	76.0     	74.6     	78.1     	73.2     	65.4     	66.0     	65.4     	58.1     	58.2     	53.8     	52.8     	60.7     	53.1     	45.9     	45.1     	42.8     	38.6     	38.5     	36.2     	35.4     	34.5     	31.3     	28.1     	26.0     	24.6     	23.6     	24.0     
	2026-03-05  	11:50:09  	00:03:51  	         	75.6     	83.9     	89.9     	91.4     	92.0     	90.3     	89.7     	93.0     	82.5     	77.4     	77.1     	77.2     	75.1     	68.2     	70.9     	66.5     	61.8     	60.1     	55.5     	52.1     	59.8     	56.4     	54.2     	49.4     	45.9     	41.4     	41.0     	38.6     	44.2     	38.0     	35.0     	36.4     	32.3     	28.6     	26.3     	24.9     
	2026-03-05  	11:50:10  	00:03:52  	         	77.1     	87.2     	91.6     	95.2     	92.1     	89.6     	89.4     	85.0     	79.0     	76.4     	79.6     	80.7     	71.3     	67.0     	67.6     	69.6     	59.2     	56.6     	60.2     	50.1     	61.7     	51.3     	47.2     	45.4     	42.2     	39.7     	38.3     	37.9     	36.1     	35.2     	34.9     	36.8     	31.7     	27.2     	25.2     	24.3     
	2026-03-05  	11:50:11  	00:03:53  	         	74.7     	84.3     	93.3     	89.3     	93.7     	90.0     	88.0     	86.5     	82.1     	75.2     	78.3     	75.3     	72.2     	68.9     	68.1     	65.2     	63.7     	59.8     	56.6     	53.3     	57.8     	56.1     	57.4     	53.9     	48.1     	40.9     	40.8     	39.2     	41.9     	36.4     	34.0     	31.6     	29.7     	27.1     	25.3     	24.4     
	2026-03-05  	11:50:12  	00:03:54  	         	73.9     	81.2     	92.3     	93.1     	94.2     	86.0     	80.4     	79.2     	73.2     	70.5     	73.3     	74.6     	69.4     	64.7     	71.5     	66.1     	64.7     	56.3     	55.7     	52.1     	58.7     	57.8     	56.5     	51.4     	47.6     	42.6     	40.8     	37.8     	38.8     	36.5     	35.2     	39.6     	34.3     	26.4     	24.6     	24.2     
	2026-03-05  	11:50:13  	00:03:55  	         	70.2     	76.7     	86.3     	90.8     	88.6     	88.1     	85.6     	83.9     	75.3     	72.0     	74.3     	75.6     	72.2     	64.5     	62.5     	62.0     	58.2     	54.5     	54.1     	50.5     	55.6     	56.0     	46.4     	46.9     	44.3     	40.9     	39.6     	37.7     	38.0     	35.3     	32.5     	30.1     	27.9     	25.8     	24.7     	24.2     
	2026-03-05  	11:50:14  	00:03:56  	         	68.4     	77.9     	91.3     	91.7     	92.0     	87.7     	86.2     	85.7     	76.3     	74.5     	75.3     	73.7     	69.4     	63.1     	62.5     	62.9     	56.4     	54.5     	52.4     	46.6     	55.4     	59.6     	46.9     	45.9     	43.7     	39.9     	40.0     	38.9     	38.1     	37.7     	35.8     	30.3     	28.5     	26.1     	24.6     	24.3     
	2026-03-05  	11:50:15  	00:03:57  	         	71.4     	76.1     	89.2     	93.7     	91.9     	85.1     	85.9     	82.6     	76.3     	66.2     	73.2     	72.0     	68.3     	63.1     	61.5     	62.2     	55.3     	55.0     	51.7     	48.2     	60.9     	52.2     	45.4     	45.8     	44.2     	39.8     	39.5     	37.2     	36.4     	34.5     	34.4     	31.0     	30.8     	27.4     	24.7     	24.3     
	2026-03-05  	11:50:16  	00:03:58  	         	68.1     	76.1     	85.6     	87.6     	88.2     	85.4     	80.6     	81.6     	77.8     	72.7     	78.9     	78.8     	73.5     	65.0     	62.7     	62.5     	57.5     	56.0     	53.6     	49.2     	57.5     	53.4     	46.4     	47.4     	44.3     	39.8     	39.5     	37.5     	40.2     	36.4     	33.8     	31.5     	30.3     	28.3     	26.2     	25.0     
	2026-03-05  	11:50:17  	00:03:59  	         	67.0     	80.7     	93.0     	94.1     	93.3     	89.3     	89.6     	84.0     	79.2     	74.3     	79.3     	76.0     	72.8     	71.5     	68.4     	63.5     	60.6     	61.7     	54.4     	51.9     	57.4     	51.1     	48.4     	48.4     	46.6     	43.4     	42.4     	39.4     	41.9     	37.3     	34.9     	34.2     	31.9     	30.3     	28.3     	26.2     
	2026-03-05  	11:50:18  	00:04:00  	         	70.7     	84.2     	92.7     	92.1     	94.7     	92.0     	85.3     	85.2     	76.2     	73.9     	76.8     	78.3     	73.3     	68.1     	67.1     	67.1     	56.3     	55.3     	52.7     	54.3     	51.4     	48.9     	45.8     	45.6     	43.6     	41.2     	39.9     	38.0     	41.7     	37.0     	35.3     	32.0     	30.7     	29.0     	27.2     	25.9     
	2026-03-05  	11:50:19  	00:04:01  	         	75.6     	85.6     	93.0     	92.4     	92.4     	89.1     	88.8     	85.9     	79.7     	74.9     	76.3     	71.6     	73.7     	66.1     	68.0     	59.2     	57.1     	55.5     	53.6     	57.1     	51.9     	49.5     	47.7     	47.7     	43.9     	41.1     	40.9     	38.3     	43.0     	38.2     	35.1     	34.1     	32.3     	28.4     	26.6     	25.4     
	2026-03-05  	11:50:20  	00:04:02  	         	70.9     	78.4     	84.1     	88.6     	83.3     	84.2     	81.0     	83.4     	73.1     	72.7     	74.4     	70.6     	72.9     	63.6     	66.0     	58.4     	53.7     	55.1     	54.1     	51.3     	46.1     	46.4     	44.7     	44.6     	42.1     	39.2     	39.3     	39.8     	42.3     	39.1     	39.2     	37.7     	35.6     	33.0     	29.7     	27.3     
	2026-03-05  	11:50:21  	00:04:03  	         	70.5     	77.4     	87.1     	88.2     	85.2     	85.2     	79.4     	77.3     	70.9     	72.3     	74.3     	74.3     	72.8     	64.0     	63.5     	60.6     	55.2     	54.7     	54.5     	49.8     	44.8     	45.9     	44.4     	44.5     	40.8     	38.4     	37.9     	36.2     	36.3     	35.2     	34.5     	34.9     	34.1     	30.1     	26.7     	25.2     
	2026-03-05  	11:50:22  	00:04:04  	         	81.2     	86.2     	86.0     	88.0     	90.5     	84.6     	78.6     	81.0     	71.2     	70.8     	72.4     	71.2     	70.3     	65.1     	68.4     	59.5     	56.6     	55.3     	53.9     	55.3     	51.5     	46.1     	45.2     	44.2     	40.7     	39.5     	39.0     	39.2     	38.7     	36.9     	36.6     	35.4     	33.8     	32.4     	30.2     	28.3     
	2026-03-05  	11:50:23  	00:04:05  	         	67.7     	80.1     	90.9     	88.6     	90.3     	87.5     	82.8     	77.0     	75.0     	76.2     	75.1     	75.0     	73.9     	66.7     	69.6     	64.4     	57.9     	56.4     	53.5     	54.4     	59.0     	47.6     	45.2     	45.0     	40.8     	38.3     	38.9     	36.1     	39.1     	34.1     	32.4     	32.1     	29.4     	27.1     	25.6     	24.7     
	2026-03-05  	11:50:24  	00:04:06  	         	79.8     	86.7     	93.1     	95.4     	92.1     	90.6     	86.2     	91.4     	82.2     	81.6     	80.1     	82.5     	77.4     	68.1     	68.9     	64.8     	59.1     	57.9     	55.4     	52.9     	56.1     	51.5     	49.6     	49.1     	46.5     	42.7     	40.6     	39.9     	40.6     	36.2     	35.2     	33.1     	30.1     	28.5     	26.6     	24.9     
	2026-03-05  	11:50:25  	00:04:07  	         	79.9     	91.0     	94.2     	95.3     	95.5     	90.8     	87.2     	91.0     	79.6     	77.7     	76.6     	76.1     	78.4     	68.9     	65.2     	64.0     	61.3     	58.2     	56.6     	53.4     	57.8     	53.3     	49.7     	49.7     	48.0     	42.4     	41.9     	39.1     	44.4     	38.2     	32.3     	30.1     	28.4     	26.6     	25.2     	24.5     
	2026-03-05  	11:50:26  	00:04:08  	         	76.2     	88.2     	94.5     	91.6     	88.9     	89.7     	82.1     	84.0     	74.1     	71.5     	72.9     	76.7     	73.6     	66.0     	64.4     	62.2     	56.9     	55.2     	52.8     	52.2     	52.4     	47.4     	43.8     	43.5     	41.3     	38.7     	37.7     	36.7     	35.7     	35.0     	33.7     	32.9     	31.3     	29.2     	27.0     	25.5     
	2026-03-05  	11:50:27  	00:04:09  	         	72.5     	73.8     	85.0     	94.5     	95.5     	90.2     	90.2     	89.2     	79.4     	75.4     	76.0     	74.4     	75.3     	67.3     	64.6     	62.1     	59.7     	58.8     	55.7     	56.7     	56.3     	52.9     	51.9     	51.3     	48.9     	43.9     	44.6     	41.2     	47.0     	40.7     	37.1     	33.2     	31.5     	28.9     	27.0     	25.2     
	2026-03-05  	11:50:28  	00:04:10  	         	70.0     	76.0     	85.2     	89.8     	96.0     	88.9     	80.4     	80.1     	74.9     	74.1     	76.5     	77.0     	73.2     	69.9     	67.7     	63.3     	58.6     	56.1     	53.0     	54.5     	52.4     	48.0     	45.7     	45.4     	44.5     	45.0     	45.3     	46.0     	46.4     	40.1     	40.6     	38.8     	38.4     	35.4     	31.0     	27.2     
	2026-03-05  	11:50:29  	00:04:11  	         	70.2     	81.3     	98.7     	101.4    	102.3    	94.4     	85.6     	81.8     	79.6     	77.5     	79.1     	81.7     	77.3     	68.7     	74.0     	69.2     	62.4     	59.7     	57.0     	57.1     	54.4     	53.9     	54.8     	54.6     	53.6     	51.3     	53.6     	53.4     	54.1     	54.9     	50.8     	47.4     	48.4     	46.5     	43.4     	36.2     
	2026-03-05  	11:50:30  	00:04:12  	         	78.9     	91.2     	98.5     	98.1     	100.3    	97.8     	93.9     	83.7     	82.0     	76.9     	81.5     	80.3     	77.9     	73.0     	73.7     	72.8     	65.9     	63.0     	60.0     	58.2     	58.0     	57.7     	57.7     	58.2     	57.3     	53.7     	56.7     	57.4     	56.7     	59.4     	54.7     	51.8     	53.3     	51.2     	47.2     	41.2     
	2026-03-05  	11:50:31  	00:04:13  	         	85.9     	92.1     	101.6    	105.1    	99.6     	101.7    	93.3     	91.2     	90.8     	86.3     	88.0     	86.1     	84.6     	75.9     	77.6     	74.3     	68.4     	67.3     	66.5     	62.6     	63.0     	62.3     	60.0     	58.5     	56.8     	53.5     	53.4     	51.2     	56.2     	49.2     	49.9     	45.2     	42.4     	39.0     	35.5     	31.7     
	2026-03-05  	11:50:32  	00:04:14  	         	79.0     	97.6     	103.6    	103.6    	102.6    	97.0     	96.8     	89.8     	85.7     	81.6     	79.8     	77.8     	77.1     	70.7     	69.5     	66.0     	62.5     	62.7     	59.9     	56.9     	60.4     	55.8     	52.6     	52.2     	52.2     	49.0     	49.1     	47.9     	49.9     	52.2     	49.0     	44.7     	42.3     	41.8     	39.6     	36.1     
	2026-03-05  	11:50:33  	00:04:15  	         	74.3     	85.5     	84.0     	93.1     	90.5     	84.4     	86.3     	84.7     	72.7     	71.0     	77.2     	77.7     	73.0     	66.5     	62.6     	64.5     	56.5     	61.4     	54.3     	54.1     	63.7     	57.0     	43.9     	43.4     	40.8     	37.8     	38.7     	35.2     	34.6     	34.7     	33.1     	30.9     	30.1     	28.5     	26.9     	25.6     
	2026-03-05  	11:50:34  	00:04:16  	         	74.1     	77.4     	86.9     	88.0     	94.0     	86.7     	87.8     	88.9     	81.8     	79.2     	79.6     	78.5     	75.5     	68.7     	66.6     	65.3     	60.9     	61.6     	58.1     	53.1     	63.1     	55.9     	50.4     	49.8     	48.7     	44.8     	43.0     	42.4     	44.2     	39.8     	38.3     	36.6     	34.7     	32.1     	28.9     	26.3     
	2026-03-05  	11:50:35  	00:04:17  	         	74.2     	80.1     	96.6     	90.8     	96.5     	86.6     	86.2     	85.5     	75.5     	76.6     	79.7     	79.6     	74.8     	67.8     	64.7     	65.8     	57.2     	56.7     	54.0     	49.6     	56.3     	56.4     	44.4     	46.2     	47.1     	38.9     	40.6     	40.3     	38.7     	38.1     	36.4     	31.9     	30.1     	27.2     	25.4     	24.5     
	2026-03-05  	11:50:36  	00:04:18  	         	70.5     	80.7     	88.9     	95.3     	96.2     	87.1     	86.0     	83.7     	81.9     	72.9     	75.5     	76.6     	71.9     	63.8     	62.8     	62.9     	57.0     	57.0     	54.3     	50.8     	56.2     	56.7     	46.8     	47.5     	45.0     	42.0     	41.3     	39.0     	38.4     	36.2     	34.8     	31.5     	29.3     	27.7     	25.1     	24.4     
	2026-03-05  	11:50:37  	00:04:19  	         	72.1     	68.7     	85.1     	86.7     	89.7     	81.6     	85.7     	80.8     	69.0     	69.2     	72.3     	73.7     	68.7     	62.6     	65.4     	67.0     	55.0     	54.8     	53.3     	54.4     	55.8     	47.3     	44.8     	46.1     	42.9     	38.2     	39.5     	36.9     	33.8     	34.3     	31.6     	30.1     	27.9     	26.3     	24.0     	23.9     
	2026-03-05  	11:50:38  	00:04:20  	         	60.9     	73.2     	84.4     	87.5     	88.3     	79.9     	85.5     	75.7     	72.4     	65.3     	71.6     	69.0     	67.8     	63.3     	65.3     	61.3     	54.3     	53.9     	52.1     	54.4     	49.7     	45.2     	42.5     	42.3     	41.7     	34.8     	35.2     	31.6     	30.0     	29.4     	28.5     	26.8     	24.1     	23.1     	23.0     	23.5     
	2026-03-05  	11:50:39  	00:04:21  	         	64.9     	67.3     	80.5     	87.0     	87.6     	79.9     	82.8     	74.5     	67.8     	65.4     	70.4     	66.1     	70.7     	63.9     	66.2     	56.3     	56.1     	53.8     	54.7     	57.7     	49.1     	46.9     	44.0     	41.9     	38.9     	38.2     	35.4     	32.3     	32.2     	31.3     	30.3     	28.3     	26.6     	25.5     	24.7     	24.2     
	2026-03-05  	11:50:40  	00:04:22  	         	64.0     	73.4     	76.0     	82.9     	85.4     	88.1     	76.1     	71.8     	66.3     	65.0     	70.3     	70.3     	70.1     	64.4     	60.3     	57.1     	52.7     	54.6     	58.0     	52.0     	44.7     	48.9     	44.4     	41.0     	39.0     	36.4     	34.5     	31.5     	32.1     	30.6     	29.9     	28.6     	27.4     	25.3     	24.1     	23.8     
	2026-03-05  	11:50:41  	00:04:23  	         	63.5     	67.0     	79.6     	80.1     	79.9     	88.6     	71.7     	74.8     	63.1     	64.7     	72.1     	73.6     	68.4     	62.6     	57.9     	58.5     	60.8     	57.1     	54.2     	48.1     	48.6     	45.0     	41.0     	39.6     	37.3     	33.7     	34.1     	32.4     	30.7     	30.3     	29.7     	27.5     	25.7     	24.8     	24.0     	24.1     
	2026-03-05  	11:50:42  	00:04:24  	         	66.2     	73.5     	77.6     	77.7     	75.6     	78.6     	69.8     	72.8     	66.6     	64.8     	68.6     	65.3     	66.5     	60.9     	57.6     	61.1     	55.1     	52.5     	53.1     	48.6     	41.2     	46.8     	45.0     	36.8     	34.9     	33.3     	32.6     	30.0     	31.5     	32.3     	30.3     	28.1     	26.3     	26.3     	24.9     	24.3     
	2026-03-05  	11:50:43  	00:04:25  	         	72.4     	69.0     	78.6     	75.6     	71.9     	69.6     	66.3     	69.6     	66.2     	62.9     	66.0     	63.2     	64.1     	62.6     	57.1     	55.9     	49.7     	52.3     	51.8     	44.5     	41.3     	39.7     	35.7     	35.6     	33.7     	32.7     	32.2     	30.7     	30.7     	31.6     	30.0     	27.9     	28.1     	26.5     	24.8     	24.4     
	2026-03-05  	11:50:44  	00:04:26  	         	62.7     	65.5     	71.7     	70.8     	68.2     	69.3     	73.0     	74.7     	66.5     	60.8     	66.4     	61.6     	63.4     	58.7     	56.9     	55.1     	49.8     	52.7     	51.6     	44.6     	40.1     	41.6     	39.9     	39.1     	39.2     	38.1     	44.2     	44.5     	40.6     	42.5     	37.0     	32.7     	32.3     	31.0     	29.5     	27.5     
	2026-03-05  	11:50:45  	00:04:27  	         	69.1     	72.0     	73.1     	75.8     	73.3     	61.7     	66.5     	62.2     	60.7     	61.8     	67.1     	61.8     	64.3     	59.8     	57.4     	55.6     	50.8     	52.3     	51.7     	44.4     	38.2     	41.2     	39.4     	38.5     	37.7     	37.0     	37.5     	37.4     	37.5     	36.2     	35.1     	33.4     	30.8     	28.1     	26.2     	25.1     
	2026-03-05  	11:50:46  	00:04:28  	         	61.4     	55.1     	61.8     	63.4     	61.9     	60.5     	55.4     	58.4     	60.3     	59.5     	66.8     	65.7     	67.8     	60.6     	58.8     	56.4     	53.2     	53.1     	52.0     	44.7     	41.1     	41.9     	39.5     	38.4     	36.7     	36.3     	36.7     	35.7     	35.8     	34.5     	32.9     	31.1     	28.9     	26.9     	25.4     	24.7     
	2026-03-05  	11:50:47  	00:04:29  	         	48.4     	50.9     	51.5     	55.5     	55.4     	54.4     	54.8     	57.3     	57.5     	60.2     	66.2     	68.5     	67.2     	61.3     	59.6     	56.7     	51.8     	53.4     	52.2     	44.3     	40.7     	42.4     	40.4     	39.5     	36.9     	36.0     	35.9     	35.0     	35.2     	34.5     	34.5     	31.9     	30.9     	28.8     	27.6     	26.0     
	2026-03-05  	11:50:48  	00:04:30  	         	50.1     	48.8     	53.2     	55.1     	52.9     	54.4     	55.3     	57.4     	56.2     	60.7     	66.4     	64.8     	67.7     	57.1     	56.4     	54.9     	50.5     	53.5     	52.6     	44.4     	40.1     	41.2     	38.6     	38.9     	38.0     	37.0     	37.0     	36.0     	35.5     	34.7     	34.2     	32.0     	29.2     	27.3     	25.6     	24.7     
	2026-03-05  	11:50:49  	00:04:31  	         	54.9     	51.4     	53.1     	56.4     	63.8     	55.2     	54.7     	54.2     	57.3     	59.9     	66.6     	65.6     	67.5     	57.8     	56.4     	55.6     	50.3     	53.3     	52.7     	44.0     	38.6     	41.4     	37.7     	38.1     	36.7     	36.6     	36.2     	35.0     	35.9     	34.8     	34.5     	32.2     	29.4     	27.1     	25.0     	24.4     
	2026-03-05  	11:50:50  	00:04:32  	         	53.3     	57.9     	54.4     	59.4     	61.8     	57.3     	55.2     	59.9     	59.1     	60.1     	66.1     	65.0     	66.8     	59.8     	56.5     	54.8     	50.5     	53.1     	52.3     	44.1     	37.3     	40.6     	37.1     	37.3     	35.7     	34.9     	35.2     	34.2     	33.7     	34.4     	35.0     	31.9     	27.8     	25.7     	24.5     	24.2     
	2026-03-05  	11:50:51  	00:04:33  	         	50.5     	54.4     	52.2     	59.9     	59.0     	55.0     	54.2     	57.8     	58.4     	59.3     	67.3     	64.1     	64.6     	59.7     	55.7     	54.8     	50.0     	52.5     	51.8     	44.6     	40.7     	40.9     	36.7     	37.3     	36.3     	36.6     	35.9     	35.5     	35.8     	35.5     	36.5     	32.6     	30.3     	28.5     	25.9     	24.9     
	2026-03-05  	11:50:52  	00:04:34  	         	63.4     	62.2     	66.1     	70.7     	70.3     	64.7     	61.2     	70.4     	66.6     	63.8     	66.7     	64.9     	65.5     	59.4     	56.1     	57.1     	51.2     	54.8     	53.9     	44.8     	39.7     	41.6     	38.0     	39.6     	39.6     	38.6     	38.8     	38.0     	37.3     	36.5     	35.9     	33.4     	30.9     	29.0     	26.8     	25.4     
	2026-03-05  	11:50:53  	00:04:35  	         	70.3     	74.0     	76.4     	63.0     	68.7     	68.8     	60.9     	66.2     	62.4     	60.3     	67.2     	64.0     	66.5     	61.5     	61.2     	55.8     	53.2     	54.4     	53.5     	49.0     	48.3     	42.2     	40.5     	38.8     	35.5     	35.7     	36.1     	35.7     	36.0     	36.3     	37.7     	36.3     	36.1     	34.6     	32.7     	30.1     
	2026-03-05  	11:50:54  	00:04:36  	         	65.2     	69.2     	70.0     	71.7     	73.7     	69.4     	62.6     	71.0     	68.0     	61.1     	68.2     	67.4     	65.5     	62.1     	65.0     	61.0     	50.5     	54.0     	54.5     	46.0     	45.5     	47.6     	43.2     	36.9     	34.3     	33.1     	33.1     	32.2     	31.1     	31.2     	33.3     	29.3     	26.0     	24.4     	23.7     	24.1     
	2026-03-05  	11:50:55  	00:04:37  	         	68.2     	73.9     	76.1     	76.1     	77.0     	74.4     	66.2     	67.8     	64.5     	62.7     	70.3     	68.1     	70.0     	63.1     	64.9     	60.9     	65.2     	58.2     	53.2     	47.2     	46.8     	43.6     	42.1     	39.8     	35.2     	34.3     	34.2     	31.4     	31.3     	31.7     	32.0     	28.8     	26.5     	25.1     	24.1     	24.2     
	2026-03-05  	11:50:56  	00:04:38  	         	67.0     	77.5     	77.9     	78.4     	75.7     	76.3     	71.3     	72.4     	64.5     	63.1     	72.6     	77.7     	71.9     	61.3     	59.3     	57.1     	52.8     	61.2     	62.9     	46.2     	46.0     	48.6     	39.7     	38.9     	36.3     	34.8     	35.2     	35.0     	33.0     	32.8     	32.5     	30.1     	27.3     	25.3     	24.3     	24.0     
	2026-03-05  	11:50:57  	00:04:39  	         	70.1     	77.1     	76.2     	79.7     	82.2     	76.0     	71.9     	67.9     	68.6     	66.5     	73.9     	75.6     	73.9     	65.1     	59.7     	60.1     	54.4     	55.9     	64.2     	51.2     	48.0     	48.7     	46.0     	41.1     	38.9     	37.5     	35.0     	34.1     	33.0     	32.7     	34.9     	31.8     	27.7     	25.7     	25.2     	25.1     
	2026-03-05  	11:50:58  	00:04:40  	         	71.5     	71.8     	81.4     	83.4     	89.3     	83.0     	83.4     	77.9     	72.3     	70.6     	73.3     	69.4     	72.2     	66.4     	69.6     	59.7     	57.3     	56.1     	54.0     	54.7     	49.9     	49.8     	46.3     	43.5     	40.2     	42.2     	38.4     	35.2     	35.6     	35.1     	33.0     	30.2     	27.9     	25.3     	24.4     	24.1     
	2026-03-05  	11:50:59  	00:04:41  	         	69.9     	74.2     	79.3     	89.5     	85.2     	81.2     	84.1     	71.9     	65.4     	67.6     	70.8     	70.1     	69.0     	64.7     	70.6     	61.4     	56.1     	56.2     	53.6     	53.3     	61.3     	47.5     	42.7     	42.8     	37.9     	37.3     	38.6     	34.3     	35.0     	36.0     	33.0     	30.0     	28.9     	27.4     	25.2     	24.4     
	2026-03-05  	11:51:00  	00:04:42  	         	71.0     	75.2     	81.5     	84.5     	80.9     	83.3     	80.5     	74.0     	68.4     	67.9     	72.4     	71.0     	65.7     	61.8     	62.3     	61.8     	54.6     	54.8     	53.2     	51.5     	52.1     	46.0     	42.7     	41.7     	39.1     	37.4     	35.9     	33.5     	32.0     	33.9     	32.7     	30.0     	27.4     	28.3     	24.8     	24.1     
	2026-03-05  	11:51:01  	00:04:43  	         	71.4     	75.2     	83.3     	83.3     	84.1     	81.9     	75.9     	74.6     	68.7     	69.8     	71.5     	70.4     	66.8     	63.8     	59.7     	59.0     	53.4     	55.4     	53.7     	53.0     	53.8     	46.2     	42.6     	42.7     	40.8     	37.5     	36.9     	35.2     	33.1     	34.0     	32.7     	29.9     	27.6     	25.8     	25.5     	24.5     
	2026-03-05  	11:51:02  	00:04:44  	         	73.2     	71.6     	77.8     	85.3     	82.5     	84.0     	79.1     	79.1     	67.9     	66.9     	71.7     	71.0     	66.2     	62.6     	60.4     	60.2     	53.8     	55.0     	53.6     	49.9     	52.0     	45.8     	42.6     	42.7     	38.5     	38.6     	34.0     	31.5     	30.7     	31.3     	31.2     	27.3     	24.6     	23.7     	23.1     	23.7     
	2026-03-05  	11:51:03  	00:04:45  	         	66.5     	72.9     	84.2     	84.9     	85.9     	80.8     	82.4     	79.5     	70.2     	68.2     	73.6     	74.4     	66.6     	62.3     	60.5     	62.1     	53.5     	54.9     	53.6     	51.7     	52.5     	46.5     	42.2     	42.6     	41.9     	41.0     	39.4     	36.1     	35.7     	36.2     	34.6     	29.6     	27.2     	25.4     	23.7     	23.9     
	2026-03-05  	11:51:04  	00:04:46  	         	65.7     	74.4     	81.8     	83.8     	87.8     	80.8     	85.8     	75.9     	71.7     	70.9     	73.8     	73.5     	69.0     	63.3     	65.4     	60.0     	54.1     	54.0     	52.8     	57.6     	53.3     	46.4     	45.8     	43.6     	40.4     	38.1     	38.4     	34.0     	35.2     	34.0     	33.0     	30.6     	28.1     	27.3     	25.2     	24.5     
	2026-03-05  	11:51:05  	00:04:47  	         	65.8     	77.8     	85.5     	81.8     	83.7     	83.7     	83.0     	76.3     	71.0     	68.1     	73.6     	72.0     	72.0     	67.4     	64.3     	58.3     	54.7     	53.5     	58.0     	53.3     	45.7     	48.2     	46.4     	43.2     	41.0     	40.5     	38.1     	37.3     	36.1     	34.7     	34.3     	32.3     	28.7     	26.8     	25.2     	24.4     
	2026-03-05  	11:51:06  	00:04:48  	         	67.9     	78.7     	78.7     	85.5     	85.0     	85.4     	77.5     	76.3     	73.5     	69.7     	73.8     	73.9     	66.2     	62.4     	58.6     	55.8     	52.3     	55.3     	54.7     	47.3     	44.7     	47.0     	40.8     	40.9     	39.4     	37.9     	36.8     	36.1     	35.2     	35.7     	34.0     	32.3     	28.4     	26.4     	24.5     	24.2     
	2026-03-05  	11:51:07  	00:04:49  	         	64.6     	76.3     	84.1     	88.2     	85.8     	77.7     	76.6     	75.9     	73.1     	65.3     	73.9     	77.7     	67.4     	63.9     	58.5     	55.3     	53.4     	57.3     	55.4     	46.0     	46.8     	48.1     	42.1     	42.1     	41.1     	37.2     	37.4     	35.1     	33.9     	34.4     	33.0     	31.1     	30.7     	27.0     	25.0     	24.3     
	2026-03-05  	11:51:08  	00:04:50  	         	67.4     	72.4     	79.8     	86.2     	84.9     	81.0     	81.9     	72.6     	69.7     	66.9     	71.7     	66.2     	64.4     	61.9     	57.4     	60.9     	61.9     	52.6     	50.8     	48.3     	45.4     	44.2     	44.1     	39.8     	38.1     	36.2     	35.4     	35.0     	34.2     	34.2     	35.1     	33.2     	31.8     	30.0     	28.3     	26.0     
	2026-03-05  	11:51:09  	00:04:51  	         	70.0     	75.6     	78.7     	81.4     	81.1     	79.4     	75.4     	77.5     	69.4     	68.0     	73.1     	66.9     	62.8     	59.6     	59.2     	57.4     	51.6     	53.2     	53.0     	46.1     	44.3     	46.2     	42.1     	41.2     	38.7     	37.8     	37.8     	36.7     	36.8     	36.7     	35.5     	34.4     	33.6     	32.2     	29.2     	26.5     
	2026-03-05  	11:51:10  	00:04:52  	         	73.6     	74.7     	77.3     	80.4     	77.4     	73.8     	69.2     	71.1     	65.9     	62.1     	72.3     	61.9     	61.0     	59.9     	56.2     	54.2     	49.3     	52.9     	52.0     	45.2     	38.8     	41.8     	37.1     	37.6     	36.1     	35.3     	35.1     	34.1     	34.6     	34.3     	33.5     	32.1     	29.2     	28.2     	25.7     	24.6     
	2026-03-05  	11:51:11  	00:04:53  	         	70.8     	73.3     	67.7     	78.9     	74.7     	73.0     	75.8     	74.7     	76.9     	66.0     	69.4     	61.2     	57.7     	56.0     	56.0     	54.3     	48.2     	53.5     	52.6     	44.9     	40.8     	42.6     	38.3     	39.4     	37.3     	35.6     	36.4     	35.9     	35.3     	34.8     	34.0     	32.1     	30.7     	28.1     	25.9     	24.9     
	2026-03-05  	11:51:12  	00:04:54  	         	76.5     	79.4     	73.5     	80.8     	74.4     	70.0     	68.9     	69.1     	63.9     	62.4     	66.6     	56.6     	59.7     	55.7     	56.0     	53.7     	49.1     	53.4     	52.6     	44.6     	38.5     	41.4     	41.0     	38.4     	36.7     	36.7     	36.7     	36.1     	36.0     	35.5     	35.7     	34.5     	32.8     	30.8     	28.4     	26.3     
	2026-03-05  	11:51:13  	00:04:55  	         	64.0     	63.7     	64.2     	67.8     	66.7     	64.4     	61.3     	60.4     	63.0     	65.5     	70.4     	66.9     	64.5     	65.6     	61.9     	63.0     	55.9     	54.7     	53.9     	46.4     	46.1     	49.9     	48.6     	46.0     	43.4     	40.7     	40.0     	38.7     	38.7     	37.2     	37.5     	35.7     	39.6     	36.6     	28.8     	27.0     
	2026-03-05  	11:51:14  	00:04:56  	         	89.7     	84.7     	83.0     	82.0     	81.2     	81.7     	73.2     	68.3     	65.1     	77.6     	77.7     	73.2     	71.7     	70.9     	67.4     	67.8     	58.7     	58.2     	54.8     	52.3     	52.6     	56.8     	55.7     	50.1     	48.5     	47.8     	47.0     	45.6     	45.0     	43.5     	42.2     	39.5     	41.3     	47.9     	36.3     	31.9     
	2026-03-05  	11:51:15  	00:04:57  	         	83.6     	77.8     	78.7     	74.1     	80.0     	82.9     	71.0     	71.9     	66.5     	75.4     	73.3     	71.1     	71.1     	70.7     	63.8     	62.2     	58.6     	56.3     	54.4     	48.0     	47.6     	54.1     	48.5     	44.8     	46.9     	42.1     	45.3     	40.4     	39.9     	39.2     	38.4     	38.6     	40.4     	34.7     	30.7     	27.3     
	2026-03-05  	11:51:16  	00:04:58  	         	74.2     	73.8     	76.5     	75.4     	76.1     	73.9     	74.0     	75.0     	71.3     	81.3     	76.7     	77.9     	73.0     	72.2     	65.1     	65.2     	64.1     	60.8     	58.0     	50.7     	50.3     	52.2     	48.7     	47.6     	46.5     	44.4     	45.6     	42.4     	44.0     	42.3     	40.2     	39.0     	39.0     	34.4     	31.2     	27.6     
	2026-03-05  	11:51:17  	00:04:59  	         	77.2     	81.3     	81.8     	69.2     	71.4     	68.5     	69.3     	62.2     	62.9     	66.0     	70.7     	66.0     	61.5     	57.2     	55.2     	54.4     	50.4     	53.1     	51.6     	46.9     	40.2     	41.8     	40.9     	39.9     	38.5     	40.5     	40.9     	38.9     	38.0     	40.1     	36.0     	33.7     	32.5     	30.5     	27.8     	25.8     
	2026-03-05  	11:51:18  	00:05:00  	         	61.2     	61.2     	75.1     	65.7     	69.2     	63.3     	59.0     	65.5     	58.5     	60.1     	68.3     	62.5     	60.6     	55.3     	54.6     	53.4     	50.5     	52.4     	51.4     	46.7     	39.1     	41.8     	42.5     	41.7     	42.8     	41.9     	40.4     	39.4     	38.7     	37.8     	35.9     	34.1     	33.0     	30.8     	28.2     	25.9     
	2026-03-05  	11:51:19  	00:05:01  	         	49.6     	50.8     	70.8     	67.2     	65.8     	62.7     	57.7     	68.4     	58.6     	64.1     	68.7     	63.7     	61.4     	55.9     	53.5     	54.6     	50.0     	52.0     	51.7     	47.1     	43.5     	44.0     	41.6     	43.0     	42.6     	40.8     	39.9     	38.2     	38.4     	36.6     	36.5     	33.2     	31.6     	28.9     	26.2     	25.0     
	2026-03-05  	11:51:20  	00:05:02  	         	48.8     	56.3     	68.3     	66.3     	65.7     	64.4     	57.6     	68.9     	59.8     	62.9     	69.2     	64.1     	63.1     	56.8     	53.7     	55.4     	51.8     	53.5     	52.5     	47.3     	43.8     	43.0     	39.6     	42.1     	38.9     	38.3     	38.7     	37.2     	36.3     	37.4     	35.3     	30.9     	29.5     	27.2     	25.1     	24.4     
	2026-03-05  	11:51:21  	00:05:03  	         	49.5     	49.3     	66.8     	63.3     	68.2     	61.8     	58.8     	65.2     	62.4     	65.2     	69.0     	64.9     	66.5     	61.5     	56.6     	55.1     	51.2     	52.4     	52.0     	47.2     	40.7     	42.0     	39.4     	42.9     	43.9     	43.0     	42.5     	40.2     	40.2     	40.1     	40.1     	38.0     	35.0     	32.1     	29.3     	26.1     
	2026-03-05  	11:51:22  	00:05:04  	         	48.7     	57.9     	69.5     	68.1     	67.8     	69.1     	62.8     	66.5     	60.7     	63.4     	68.9     	60.6     	62.8     	56.9     	55.1     	56.4     	51.5     	52.9     	52.6     	46.2     	46.5     	47.7     	45.6     	41.7     	43.1     	41.7     	38.9     	37.7     	36.9     	36.8     	40.1     	42.3     	35.7     	32.1     	28.6     	26.1     

# RTA LOG Results over the whole log period
	2026-03-05  	11:51:22  	00:05:04  	         	77.1     	84.0     	89.5     	91.1     	91.6     	88.0     	83.9     	82.2     	75.9     	73.8     	74.8     	73.9     	71.1     	65.5     	65.9     	62.3     	58.9     	55.7     	54.6     	50.6     	53.0     	50.4     	48.0     	46.5     	45.3     	43.4     	43.6     	48.0     	49.3     	45.5     	41.8     	39.6     	39.0     	37.7     	35.6     	30.2     

#CheckSum
	EB8AA0610591275DA717C9DDF75D523F